date,kota_administrasi,kecamatan,kelurahan,jumlah_terdampak_rw,jumlah_terdampak_rt,jumlah_terdampak_kk,jumlah_terdampak_jiwa,jumlah_luka_ringan,ketinggian_min,ketinggian_max
29/10/2018,Jakarta Pusat,KEC. SAWAH BESAR,KEL. GUNUNG SAHARI UTARA,1,3,0,0,0,10,40
29/10/2018,Jakarta Barat,KEC. CENGKARENG,KEL. RAWA BUAYA,2,3,0,0,0,,
23/10/2018,Jakarta Timur,KEC. JATINEGARA,KEL. KAMPUNG MELAYU,4,21,212,711,0,30,80
29/10/2018,Jakarta Timur,KEC. JATINEGARA,KEL. BIDARA CINA,2,4,175,290,0,50,60
29/10/2018,Jakarta Timur,KEC. KRAMAT JATI,KEL. CAWANG,4,8,0,0,0,10,50
2/1/2018,Jakarta Barat,PENJARINGAN,KAMAL MUARA,2,12,0,0,0,20,30
3/1/2018,Jakarta Utara,KALIDERES,KAMAL,2,3,0,0,0,10,25
3/1/2018,Jakarta Utara,GROGOL PETAMBURAN,JELAMBAR BARU,1,2,0,0,0,15,15
3/1/2018,Jakarta Utara,GROGOL PETAMBURAN,JELAMBAR,1,1,0,0,0,20,20
18/01/2018,Jakarta Utara,KEMBANGAN,KEMBANGAN UTARA,4,2,0,0,0,5,20
18/01/2018,Jakarta Utara,CENGKARENG,KAPUK,9,21,0,0,0,5,30
18/01/2018,Jakarta Utara,CENGKARENG,RAWA BUAYA,2,1,0,0,0,15,20
18/01/2018,Jakarta Utara,CENGKARENG,CENGKARENG TIMUR,4,12,0,0,0,10,40
15/02/2018,Jakarta Pusat,CEMPAKA PUTIH,CEMPAKA PUTIH TIMUR,3,7,0,0,0,10,35
15/02/2018,Jakarta Pusat,KEMAYORAN,SERDANG,2,6,0,0,0,10,50
1/2/2018,Jakarta Utara,PENJARINGAN,KAMAL MUARA,3,5,0,0,0,5,10
15/02/2018,Jakarta Utara,PENJARINGAN,PENJARINGAN,2,3,0,0,0,10,35
15/02/2018,Jakarta Utara,PENJARINGAN,KAPUK MUARA,1,1,0,0,0,5,15
15/02/2018,Jakarta Utara,CILINCING,SUKAPURA,2,8,7,30,30,10,50
15/02/2018,Jakarta Utara,KELAPA GADING,PEGANGSAAN DUA,1,1,30,100,100,60,70
15/02/2018,Jakarta Utara,KOJA,TUGU SELATAN,1,2,38,140,140,40,40
5/2/2018,Jakarta Barat,KALIDERES,TEGAL ALUR,16,143,0,0,0,20,30
15/02/2018,Jakarta Barat,KALIDERES,KAMAL,9,2,0,0,0,30,50
15/02/2018,Jakarta Barat,CENGKARENG,KAPUK,14,47,0,0,0,5,60
15/02/2018,Jakarta Barat,CENGKARENG,RAWA BUAYA,4,15,0,0,0,5,30
15/02/2018,Jakarta Barat,CENGKARENG,DURI KOSAMBI,1,1,0,0,0,10,50
15/02/2018,Jakarta Barat,CENGKARENG,CENGKARENG BARAT,6,13,0,0,0,10,80
15/02/2018,Jakarta Barat,CENGKARENG,CENGKARENG TIMUR,5,39,0,0,0,10,80
15/02/2018,Jakarta Barat,KEMBANGAN,KEMBANGAN UTARA,2,3,0,0,0,15,30
15/02/2018,Jakarta Barat,KEBON JERUK,DURI KEPA,5,4,0,0,0,15,60
15/02/2018,Jakarta Barat,GROGOL PETAMBURAN,WIJAYA KUSUMA,2,2,0,0,0,10,50
15/02/2018,Jakarta Barat,GROGOL PETAMBURAN,JELAMBAR BARU,1,0,0,0,0,10,30
15/02/2018,Jakarta Barat,PALMERAH,JATI PULO,1,3,0,0,0,30,50
5/2/2018,Jakarta Selatan,CILANDAK,PONDOK LABU,1,1,98,480,0,40,50
5/2/2018,Jakarta Selatan,PANCORAN,PANGADEGAN,2,6,600,2993,3200,10,300
5/2/2018,Jakarta Selatan,PANCORAN,RAWA JATI,3,8,464,1509,2008,10,250
5/2/2018,Jakarta Selatan,PASAR MINGGU,PEJATEN TIMUR,4,10,324,962,1811,30,200
5/2/2018,Jakarta Selatan,TEBET,KEBON BARU,1,1,0,0,1278,20,80
5/2/2018,Jakarta Selatan,TEBET,MANGGARAI,2,5,540,2347,2119,30,200
6/2/2018,Jakarta Selatan,TEBET,BUKIT DURI,2,12,0,0,0,10,40
5/2/2018,Jakarta Selatan,JAGAKARSA,LENTENG AGUNG,5,0,0,0,0,50,200
5/2/2018,Jakarta Selatan,JAGAKARSA,SRENGSENG SAWAH,7,12,113,265,0,100,300
5/2/2018,Jakarta Selatan,MAMPANG PRAPATAN,BANGKA,1,1,0,0,0,30,40
6/2/2018,Jakarta Timur,MATRAMAN,KEBON MANGGIS,2,8,41,414,414,20,80
17/05/2018,Jakarta Barat,KEC. KALIDERES,KEL. KAMAL,1,2,0,0,0,20,20
3/5/2018,Jakarta Selatan,KEC. PASAR MINGGU,KEL. JATI PADANG,5,10,0,0,0,10,40
3/5/2018,Jakarta Selatan,KEC. PASAR MINGGU,KEL. RAGUNAN,2,2,0,0,0,10,30
3/5/2018,Jakarta Selatan,KEC. PASAR MINGGU,KEL. CILANDAK TIMUR,5,4,7,20,9,10,120
21/05/2018,Jakarta Selatan,KEC. PASAR MINGGU,KEL. PEJATEN TIMUR,4,5,0,0,0,10,50
3/5/2018,Jakarta Selatan,KEC. MAMPANG PRAPATAN,KEL. BANGKA,4,7,20,60,60,100,150
3/5/2018,Jakarta Selatan,KEC. PANCORAN,KEL. DUREN TIGA,3,4,0,0,0,10,60
21/05/2018,Jakarta Selatan,KEC. PANCORAN,KEL. RAWAJATI,1,3,0,0,0,30,60
21/05/2018,Jakarta Selatan,KEC. PANCORAN,KEL. PENGADEGAN,1,1,0,0,0,10,50
3/5/2018,Jakarta Selatan,KEC. CILANDAK,KEL. PONDOK LABU,4,4,0,0,0,10,80
3/5/2018,Jakarta Selatan,KEC. CILANDAK,KEL. CIPETE SELATAN,2,2,0,0,0,20,40
3/5/2018,Jakarta Selatan,KEC. KEBAYORAN BARU,KEL. PETOGOGAN,1,4,0,0,0,40,40
21/05/2018,Jakarta Selatan,KEC. TEBET,KEL. KEBON BARU,1,1,0,0,0,10,20
20/05/2018,Jakarta Timur,KEC. JATINEGARA,KEL. KAMPUNG MELAYU,4,25,187,636,0,10,100
21/05/2018,Jakarta Timur,KEC. JATINEGARA,KEL. BIDARA CINA,2,5,0,0,0,70,110
20/05/2018,Jakarta Timur,KEC. KRAMAT JATI,KEL. CAWANG,5,19,0,0,0,10,70
21/05/2018,Jakarta Timur,KEC. KRAMAT JATI,KEL. CILILITAN,2,3,0,0,0,10,30
3/2/2018,Jakarta Timur,CAKUNG,RAWA TERATE,2,3,0,0,0,10,120
15/02/2018,Jakarta Timur,CAKUNG,CAKUNG BARAT,3,10,18,56,46,30,70
15/02/2018,Jakarta Timur,CAKUNG,JATINEGARA,9,14,0,0,0,10,30
3/2/2018,Jakarta Timur,JATINEGARA,KAMPUNG MELAYU,8,55,983,3074,1392,10,220
5/2/2018,Jakarta Timur,JATINEGARA,BIDARA CINA,9,32,876,2642,553,10,250
5/2/2018,Jakarta Timur,JATINEGARA,CIPINANG MUARA,1,3,0,0,0,10,120
5/2/2018,Jakarta Timur,MAKASAR,CIPINANG MELAYU,3,13,0,0,0,20,90
5/2/2018,Jakarta Timur,MAKASAR,MAKASAR,1,2,0,0,0,20,50
5/2/2018,Jakarta Timur,KRAMAT JATI,CAWANG,6,27,1066,3584,557,20,270
5/2/2018,Jakarta Timur,KRAMAT JATI,CILILITAN,5,10,251,806,350,30,250
5/2/2018,Jakarta Timur,KRAMAT JATI,BALE KAMBANG,3,9,18,54,1560,60,300
5/2/2018,Jakarta Timur,PASAR REBO,GEDONG,1,1,0,0,0,50,150
25/06/2018,Jakarta Selatan,KEC. PASAR MINGGU,KEL. PEJATEN TIMUR,4,7,0,0,0,10,30
25/06/2018,Jakarta Selatan,KEC. PANCORAN,KEL. PENGADEGAN,1,1,0,0,0,10,15
25/06/2018,Jakarta Selatan,KEC. KEBAYORAN LAMA,KEL. PONDOK PINANG,1,1,0,0,0,30,60
25/06/2018,Jakarta Selatan,KEC. KEBAYORAN LAMA,KEL. CIPULIR,1,1,0,0,0,10,30
24/06/2018,Jakarta Timur,KEC. JATINEGARA,KEL. KAMPUNG MELAYU,5,27,327,1065,0,10,100
25/06/2018,Jakarta Timur,KEC. JATINEGARA,KEL. BIDARA CINA,2,8,0,0,0,50,75
24/06/2018,Jakarta Timur,KEC. KRAMAT JATI,KEL. CAWANG,3,3,0,0,0,10,20
25/06/2018,Jakarta Timur,KEC. KRAMAT JATI,KEL. CILILITAN,1,1,1,3,0,10,30
4/3/2018,Jakarta Selatan,PANCORAN,RAWAJATI,1,4,0,0,0,30,80
4/3/2018,Jakarta Selatan,PASAR MINGGU,PEJATEN TIMUR,3,3,0,0,0,10,50
4/3/2018,Jakarta Selatan,TEBET,KEBON BARU,1,1,0,0,0,30,30
4/3/2018,Jakarta Timur,JATINEGARA,BIDARA CINA,2,3,0,0,0,10,50
4/3/2018,Jakarta Timur,JATINEGARA,KAMPUNG MELAYU,5,26,303,1000,0,10,100
4/3/2018,Jakarta Timur,KRAMAT JATI,CAWANG,5,0,0,0,0,10,50
4/3/2018,Jakarta Timur,KRAMAT JATI,CILILITAN,2,0,0,0,0,50,100
12/3/2018,Jakarta Timur,MAKASAR,CIPINANG MELAYU,2,9,0,0,0,10,10
22/04/2018,Jakarta Selatan,PESANGGRAHAN,ULUJAMI,1,1,0,0,0,,
4/4/2018,Jakarta Timur,CAKUNG,JATINEGARA,1,1,0,0,0,50,90
18/04/2018,Jakarta Timur,CAKUNG,PENGGILINGAN,1,1,0,0,0,20,30
4/4/2018,Jakarta Timur,MAKASAR,CIPINANG MELAYU,2,3,0,0,0,5,10
4/4/2018,Jakarta Timur,PULOGADUNG,RAWAMANGUN,1,1,0,0,0,20,50
8/4/2018,Jakarta Timur,JATINEGARA,KAMPUNG MELAYU,5,27,300,988,0,5,60
8/4/2018,Jakarta Timur,JATINEGARA,BIDARA CINA,3,6,0,0,0,10,35
8/4/2018,Jakarta Timur,KRAMAT JATI,CAWANG,5,21,0,0,0,10,60
26/11/2018,Jakarta Utara,KEC. PENJARINGAN,KEL. PLUIT,1,1,0,0,0,2,15
26/11/2018,Jakarta Utara,KEC. PENJARINGAN,KEL. KAMAL MUARA,1,5,0,0,0,5,10
27/11/2018,Jakarta Barat,KEC. KALIDERES,KEL. KAMAL,1,2,0,0,0,5,30
9/11/2018,Jakarta Selatan,KEC. KEBAYORAN LAMA,KEL. PONDOK PINANG,1,4,0,0,0,10,20
12/11/2018,Jakarta Selatan,KEC. PASAR MINGGU,KEL. PEJATEN TIMUR,3,3,0,0,0,10,30
28/11/2018,Jakarta Selatan,KEC. PASAR MINGGU,KEL. CILANDAK TIMUR,2,2,0,0,0,10,30
28/11/2018,Jakarta Selatan,KEC. CILANDAK,KEL. GANDARIA SELATAN,2,4,0,0,0,60,70
28/11/2018,Jakarta Selatan,KEC. PESANGGRAHAN,KEL. ULUJAMI,1,1,825,4000,0,40,70
11/11/2018,Jakarta Timur,KEC. MAKASAR,KEL. CIPINANG MELAYU,2,10,560,1858,0,30,50
11/11/2018,Jakarta Timur,KEC. JATINEGARA,KEL. CIPINANG MUARA,1,3,60,240,0,60,80
12/11/2018,Jakarta Timur,KEC. JATINEGARA,KEL. KAMPUNG MELAYU,4,25,235,789,0,10,100
12/11/2018,Jakarta Timur,KEC. JATINEGARA,KEL. BIDARA CINA,2,5,168,710,0,20,60
11/11/2018,Jakarta Timur,KEC. CIRACAS,KEL. RAMBUTAN,1,1,0,0,0,10,30
12/11/2018,Jakarta Timur,KEC. KRAMAT JATI,KEL. CAWANG,4,2,0,0,0,10,50
29/11/2018,Jakarta Timur,KEC. CAKUNG,KEL. JATINEGARA,1,1,0,0,0,10,15
29/11/2018,Jakarta Timur,KEC. CAKUNG,KEL. RAWA TERATE,1,1,0,0,0,5,20
4/12/2018,Jakarta Utara,KEC. PENJARINGAN,KEL. PLUIT,1,1,0,0,0,5,10
4/12/2018,Jakarta Utara,KEC. PENJARINGAN,KEL. KAMAL MUARA,1,3,0,0,0,3,10
7/12/2018,Jakarta Utara,KEC. PENJARINGAN,KEL. PENJARINGAN,1,0,0,0,0,5,10
4/12/2018,Jakarta Barat,KEC. KALIDERES,KEL. KAMAL,1,3,0,0,0,6,10
12/12/2018,Jakarta Barat,KEC. CENGKARENG,KEL. RAWA BUAYA,7,12,0,0,0,15,60
12/12/2018,Jakarta Barat,KEC. CENGKARENG,KEL. CENGKARENG TIMUR,1,1,0,0,0,20,30
12/12/2018,Jakarta Barat,KEC. CENGKARENG,KEL. DURI KOSAMBI,3,6,34,77,0,10,40
12/12/2018,Jakarta Barat,KEC. KEMBANGAN,KEL. KEMBANGAN UTARA,1,1,0,0,0,50,50
4/12/2018,Jakarta Selatan,KEC. CILANDAK,KEL. CILANDAK BARAT,2,2,0,0,0,20,60
13/12/2018,Jakarta Selatan,KEC. CILANDAK,KEL. PONDOK LABU,1,4,0,0,0,20,60
10/12/2018,Jakarta Selatan,KEC. PANCORAN,KEL. KALIBATA,1,5,0,0,0,30,30
10/12/2018,Jakarta Selatan,KEC. PANCORAN,KEL. DUREN TIGA,1,1,0,0,0,70,70
10/12/2018,Jakarta Selatan,KEC. MAMPANG PRAPATAN,KEL. BANGKA,3,5,0,0,0,50,80
10/12/2018,Jakarta Selatan,KEC. KEBAYORAN BARU,KEL. PETOGOGAN,4,27,0,0,0,10,40
13/12/2018,Jakarta Selatan,KEC. KEBAYORAN BARU,KEL. CIPETE UTARA,1,1,0,0,0,20,40
13/12/2018,Jakarta Selatan,KEC. PASAR MINGGU,KEL. CILANDAK TIMUR,2,3,0,0,0,10,100
13/12/2018,Jakarta Selatan,KEC. KEBAYORAN LAMA,KEL. CIPULIR,1,2,0,0,0,30,80
11/12/2018,Jakarta Selatan,KEC. PESANGGRAHAN,KEL. ULUJAMI,1,8,0,0,0,20,40
3/12/2018,Jakarta Timur,KEC. CAKUNG,KEL. RAWA TERATE,1,1,0,0,0,10,100
3/12/2018,Jakarta Timur,KEC. CAKUNG,KEL. CAKUNG TIMUR,1,4,210,800,0,20,20
6/12/2018,Jakarta Timur,KEC. MAKASAR,KEL. CIPINANG MELAYU,1,1,0,0,0,10,30
11/12/2018,Jakarta Timur,KEC. CIRACAS,KEL. RAMBUTAN,2,4,0,0,0,10,50
2/3/2019,Jakarta Timur,KEC. KRAMAT JATI,KEL.CAWANG,5,11,0,0,0,10,80
3/3/2019,Jakarta Timur,KEC. MAKASAR,KEL. CIPINANG MELAYU,1,5,0,0,0,5,10
6/3/2019,Jakarta Timur,KEC. CAKUNG,KEL. RAWA TERATE,1,1,0,0,0,10,10
25/03/2019,Jakarta Timur,KEC. CAKUNG,KEL. JATINEGARA,1,1,0,0,0,20,20
31/03/2019,Jakarta Timur,KEC. PASAR REBO,KEL. KALISARI,1,1,0,0,0,50,50
31/03/2019,Jakarta Timur,KEC. CIRACAS,KEL. CIRACAS,1,1,0,0,0,50,50
1/2/2019,Jakarta Utara,KEC. PENJARINGAN,KEL. KAMAL MUARA,2,2,0,0,0,5,5
1/2/2019,Jakarta Barat,KEC. KEMBANGAN,KEL. KEMBANGAN UTARA,1,1,0,0,0,50,60
1/2/2019,Jakarta Barat,KEC. KALIDERES,KEL. KAMAL,1,3,0,0,0,5,5
11/2/2019,Jakarta Selatan,KEC. KEBAYORAN LAMA,KEL. GROGOL SELATAN,1,1,0,0,0,10,50
16/02/2019,Jakarta Selatan,KEC. KEBAYORAN LAMA,KEL. CIPULIR,2,3,0,0,0,40,40
16/02/2019,Jakarta Selatan,"KEC, PASAR MINGGU",KEL. PEJATEN TIMUR,4,5,86,171,0,40,80
19/02/2019,Jakarta Selatan,"KEC, PASAR MINGGU",KEL. CILANDAK TIMUR,1,2,0,0,0,60,60
16/02/2019,Jakarta Selatan,KEC. PANCORAN,KEL. PENGEDEGAN,1,1,4,12,0,80,80
16/02/2019,Jakarta Selatan,KEC. PANCORAN,KEL. RAWAJATI,2,6,0,0,0,20,70
16/02/2019,Jakarta Selatan,KEC. PANCORAN,KEL. DUREN TIGA,1,4,0,0,0,40,70
16/02/2019,Jakarta Selatan,KEC. PANCORAN,KEL. KALIBATA,1,1,0,0,0,30,40
16/02/2019,Jakarta Selatan,KEC. TEBET,KEL. KEBON BARU,1,1,0,0,0,5,10
26/02/2019,Jakarta Selatan,KEC. TEBET,KEL. MANGGARAI,1,2,0,0,0,15,15
16/02/2019,Jakarta Selatan,KEC. KEBAYORAN BARU,KEL PETOGOGAN,2,27,0,0,0,30,50
16/02/2019,Jakarta Selatan,KEC. MAMPANG,KEL. KUNINGAN BARAT,1,6,0,0,0,20,40
19/02/2019,Jakarta Selatan,KEC. JAGAKARSA,KEL. CIPEDAK,1,2,0,0,0,50,70
19/02/2019,Jakarta Selatan,KEC. CILANDAK,KEL. CILANDAK BARAT,1,1,0,0,0,40,50
11/2/2019,Jakarta Timur,KEC. MAKASAR,KEL. CIPINANG MELAYU,2,13,0,0,0,40,60
11/2/2019,Jakarta Timur,KEC. PASAR REBO,KEL. PEKAYON,2,5,0,0,0,20,60
11/2/2019,Jakarta Timur,KEC. JATINEGARA,KEL. CIPINANG MUARA,1,3,0,0,0,20,40
16/02/2019,Jakarta Timur,KEC. JATINEGARA,KEL. KAMPUNG MELAYU,4,26,308,1003,0,10,100
16/02/2019,Jakarta Timur,KEC. JATINEGARA,KEL. BIDARA CINA,2,12,0,0,0,40,135
16/02/2019,Jakarta Timur,KEC.KRAMAT JATI,KEL BALEKAMBANG,1,3,0,0,0,15,120
16/02/2019,Jakarta Timur,KEC.KRAMAT JATI,KEL. CAWANG,5,14,0,0,0,20,80
16/02/2019,Jakarta Timur,KEC.KRAMAT JATI,KEL. CILILITAN,2,5,0,0,0,20,90
30/05/2019,Jakarta Selatan,KEC. JAGAKARSA,KEL. JAGAKARSA,2,4,0,0,0,10,30
6/5/2019,Jakarta Selatan,KEC. PASAR MINGGU,KEL. PEJATEN TIMUR,4,6,150,355,0,20,40
30/05/2019,Jakarta Selatan,KEC. KEBAYORAN LAMA,KEL. CIPULIR,1,1,0,0,0,10,20
30/05/2019,Jakarta Selatan,KEC. KEBAYORAN LAMA,KEL. PONDOK PINANG,1,1,0,0,0,10,30
6/5/2019,Jakarta Timur,KEC. JATINEGARA,KEL. KAMPUNG MELAYU,3,5,0,0,0,5,20
6/5/2019,Jakarta Timur,KEC. JATINEGARA,KEL. BIDARA CINA,2,4,0,0,0,20,30
30/05/2019,Jakarta Timur,KEC. MAKASAR,KEL. CIPINANG MELAYU,2,11,0,0,0,20,100
17/12/2019,Jakarta Barat,KEC. CENGKARENG,KEL. RAWA BUAYA,1,1,0,0,0,15,15
17/12/2019,Jakarta Barat,KEC. KEBON JERUK,KEL. SUKABUMI SELATAN,6,6,0,0,0,20,100
17/12/2019,Jakarta Barat,KEC. PALMERAH,KEL. KOTA BAMBU UTARA,1,1,0,0,0,20,30
27/12/2019,Jakarta Barat,KEC. PALMERAH,KEL. PALMERAH,1,1,0,0,0,40,40
25/12/2019,Jakarta Barat,KEC. KALI DERES,KEL. TEGAL ALUR,3,7,210,1264,0,30,70
25/12/2019,Jakarta Barat,KEC. KALI DERES,KEL. KAMAL,1,1,0,0,0,30,30
23/12/2019,Jakarta Selatan,KEC. PASAR MINGGU,KEL. JATI PADANG,5,8,0,0,0,20,60
26/12/2019,Jakarta Selatan,KEC. KEBAYORAN LAMA,KEL. PONDOK PINANG,2,8,0,0,0,25,75
26/12/2019,Jakarta Selatan,KEC. KEBAYORAN LAMA,KEL. CIPULIR,1,1,0,0,0,25,40
27/12/2019,Jakarta Selatan,KEC. KEBAYORAN LAMA,KEL. KEBAYORAN LAMA SELATAN,1,1,0,0,0,50,50
27/12/2019,Jakarta Selatan,KEC. CILANDAK,KEL CILANDAK BARAT,1,1,0,0,0,60,60
27/12/2019,Jakarta Selatan,KEC. CILANDAK,KEL PONDOK LABU,4,10,0,0,0,30,70
27/12/2019,Jakarta Selatan,KEC. KEBAYORAN BARU,KEL. CIPETE UTARA,2,4,0,0,0,20,75
27/12/2019,Jakarta Selatan,KEC. KEBAYORAN BARU,KEL. PETOGOGAN,1,1,0,0,0,45,45
27/12/2019,Jakarta Selatan,KEC. KEBAYORAN BARU,KEL. GUNUNG,1,6,0,0,0,50,80
23/12/2019,Jakarta Timur,KEC. MAKASAR,KEL. KEBON PALA,3,3,0,0,0,30,50
27/12/2019,Jakarta Timur,KEC. KRAMAT JATI,KEL. BATU AMPAR,1,1,0,0,0,40,40
27/12/2019,Jakarta Timur,KEC. KRAMAT JATI,KEL. CAWANG,1,2,0,0,0,50,50
27/12/2019,Jakarta Timur,KEC. JATINEGARA,KEL. KAMPUNG MELAYU,4,25,106,337,0,20,40
27/12/2019,Jakarta Timur,KEC. JATINEGARA,KEL. BIDARA CINA,1,10,0,0,0,20,50
20/04/2019,Jakarta Utara,KEC. PENJARINGAN,KEL. KAMAL MUARA,1,1,0,0,0,3,10
2/4/2019,Jakarta Barat,KEC. CENGKARENG,KEL. CENGKARENG BARAT,3,17,0,0,0,30,50
28/04/2019,Jakarta Barat,KEC. CENGKARENG,KEL. RAWA BUAYA,2,5,0,0,0,20,80
8/4/2019,Jakarta Barat,KEC. KEBON JERUK,KEL. KEDOYA SELATAN,1,7,0,0,0,10,30
27/04/2019,Jakarta Barat,KEC. KEMBANGAN,KEL. KEMBANGAN UTARA,2,2,44,138,209,40,110
27/04/2019,Jakarta Barat,KEC. KEMBANGAN,KEL. KEMBANGAN SELATAN,1,1,0,0,0,20,20
2/4/2019,Jakarta Selatan,KEC. KEBAYORAN BARU,KEL. PETOGOGAN,2,19,0,0,0,10,40
7/1/2019,Jakarta Utara,KEC. PENJARINGAN,KEL. KAMAL MUARA,4,5,0,0,0,3,20
20/01/2019,Jakarta Utara,KEC. PENJARINGAN,KEL. PLUIT,4,6,0,0,0,3,40
30/01/2019,Jakarta Utara,KEC. PENJARINGAN,KEL. PEJAGALAN,1,1,0,0,0,10,15
30/01/2019,Jakarta Utara,KEC. PENJARINGAN,KEL. PENJARINGAN,2,2,0,0,0,5,10
25/01/2019,Jakarta Utara,KEC. CILINCING,KEL. ROROTAN,1,1,0,0,0,10,20
30/01/2019,Jakarta Utara,KEC. CILINCING,KEL. SUKAPURA,1,1,0,0,0,10,20
30/01/2019,Jakarta Utara,KEC. CILINCING,KEL. CILINCING,2,3,0,0,0,10,20
30/01/2019,Jakarta Utara,KEC. CILINCING,KEL. SEMPER TIMUR,4,11,0,0,0,5,30
30/01/2019,Jakarta Utara,KEC. CILINCING,KEL. MARUNDA,2,4,0,0,0,10,20
30/01/2019,Jakarta Utara,KEC. KELAPA GADING,KEL. PEGANGSAAN DUA,1,1,0,0,0,10,30
30/01/2019,Jakarta Utara,KEC. KELAPA GADING,KEL. KELAPA GADING BARAT,3,3,0,0,0,10,20
30/01/2019,Jakarta Utara,KEC. KOJA,KEL. KEL. TUGU SELATAN,1,3,0,0,0,10,30
30/01/2019,Jakarta Utara,KEC. TANJUNG PRIOK,KEL. TANJUNG PRIOK,2,2,0,0,0,10,25
4/1/2019,Jakarta Barat,KEC. KALIDERES,KEL. KAMAL,1,3,0,0,0,3,10
25/01/2019,Jakarta Barat,KEC. KALIDERES,KEL. TEGAL ALUR,1,1,0,0,0,40,50
25/01/2019,Jakarta Barat,KEC. KALIDERES,KEL. PEGADUNGAN,1,1,0,0,0,40,60
18/01/2019,Jakarta Barat,KEC. KEBON JERUK,KEL. DURI KEPA,1,1,0,0,0,25,25
25/01/2019,Jakarta Barat,KEC. KEBON JERUK,KEL. KEDOYA SELATAN,1,1,0,0,0,30,40
25/01/2019,Jakarta Barat,KEC. KEBON JERUK,KEL. KEDOYA UTARA,1,7,0,0,0,20,30
25/01/2019,Jakarta Barat,KEC. CENGKARENG,KEL. CENGKARENG TIMUR,1,11,0,0,0,10,70
25/01/2019,Jakarta Barat,KEC. CENGKARENG,KEL. RAWA BUAYA,4,18,0,0,0,10,60
30/01/2019,Jakarta Barat,KEC. CENGKARENG,KEL. DURI KOSAMBI,2,7,0,0,0,30,40
30/01/2019,Jakarta Barat,KEC. CENGKARENG,KEL. KEDAUNG KALI ANGKE,1,3,0,0,0,15,20
25/01/2019,Jakarta Barat,KEC. GROGOL PETAMBURAN,KEL. WIJAYA KUSUMA,1,1,0,0,0,10,20
25/01/2019,Jakarta Barat,KEC. GROGOL PETAMBURAN,KEL. JELAMBAR BARU,5,8,0,0,0,10,30
25/01/2019,Jakarta Barat,KEC. KEMBANGAN,KEL. KEMBANGAN UTARA,3,7,0,0,0,15,20
12/1/2019,Jakarta Barat,KEC. PALMERAH,KEL. JATI PULO,1,1,0,0,0,40,40
12/1/2019,Jakarta Barat,KEC. PALMERAH,KEL. KOTA BAMBU UTARA,1,1,0,0,0,20,20
13/01/2019,Jakarta Selatan,KEC. PASAR MINGGU,KEL. JATIPADANG,1,3,65,240,0,30,60
8/1/2019,Jakarta Timur,KEC. JATINEGARA,KEL. KAMPUNG MELAYU,2,4,70,213,0,10,30
30/01/2019,Jakarta Timur,KEC. CAKUNG,KEL. RAWA TERATE,2,2,0,0,0,15,30
9/10/2019,Jakarta Selatan,KEC. TEBET,KEL. KEBON BARU,1,2,0,0,0,10,30
9/10/2019,Jakarta Selatan,KEC. PASAR MINGGU,KEL. PEJATEN TIMUR,4,6,0,0,0,60,100
9/10/2019,Jakarta Selatan,KEC. PANCORAN,KEL. PENGADEGAN,1,1,0,0,0,30,30
9/10/2019,Jakarta Timur,KEC. JATINEGARA,KEL. KAMPUNG MELAYU,5,22,318,1034,0,10,60
9/10/2019,Jakarta Timur,KEC. JATINEGARA,KEL. BIDARA CINA,2,4,73,169,0,20,40
9/10/2019,Jakarta Timur,KEC. MAKASAR,KEL. BALEKAMBANG,1,2,0,0,0,10,40
9/10/2019,Jakarta Timur,KEC. MAKASAR,KEL. CAWANG,2,5,0,0,0,30,100
27/04/2019,Jakarta Selatan,KEC. KEBAYORAN BARU,KEL. CIPETE UTARA,1,3,0,0,0,30,90
2/4/2019,Jakarta Selatan,KEC. PASAR MINGGU,KEL. JATI PADANG,5,1,0,0,0,20,50
24/04/2019,Jakarta Selatan,KEC. PASAR MINGGU,KEL. PEJATEN TIMUR,4,7,380,875,0,100,220
24/04/2019,Jakarta Selatan,KEC. PANCORAN,KEL. PENGADEGAN,3,4,167,639,539,10,250
26/04/2019,Jakarta Selatan,KEC. PANCORAN,KEL. RAWAJATI,3,7,0,0,0,30,100
26/04/2019,Jakarta Selatan,KEC. PANCORAN,KEL. CIKOKO,1,1,0,0,0,20,30
24/04/2019,Jakarta Selatan,KEC. TEBET,KEL. KEBON BARU,1,3,0,7,7,10,50
24/04/2019,Jakarta Selatan,KEC. TEBET,KEL. MANGGARAI,1,2,0,0,0,50,100
26/04/2019,Jakarta Selatan,KEC. JAGAKARSA,KEL. LENTENG AGUNG,1,1,0,0,0,30,50
26/04/2019,Jakarta Selatan,KEC. JAGAKARSA,KEL. SRENGSENG SAWAH,1,2,0,0,0,30,30
30/04/2019,Jakarta Selatan,KEC. JAGAKARSA,KEL. JAGAKARSA,1,1,0,0,0,10,20
27/04/2019,Jakarta Selatan,KEC. MAMPANG PRAPATAN,KEL. BANGKA,1,1,0,0,0,35,70
27/04/2019,Jakarta Selatan,KEC. KEBAYORAN LAMA,KEL. PONDOK PINANG,2,4,0,0,0,10,60
30/04/2019,Jakarta Selatan,KEC. KEBAYORAN LAMA,KEL. CIPULIR,1,1,0,0,0,10,20
27/04/2019,Jakarta Selatan,KEC. CILANDAK,KEL. PONDOK LABU,1,2,0,0,0,10,50
2/4/2019,Jakarta Timur,KEC. MAKASAR,KEL. CIPINANG MELAYU,3,11,0,0,0,20,60
2/4/2019,Jakarta Timur,KEC. MAKASAR,KEL. KEBON PALA,11,51,0,0,0,10,50
30/04/2019,Jakarta Timur,KEC. MAKASAR,KEL. MAKASAR,3,13,0,0,24,10,100
5/4/2019,Jakarta Timur,KEC. JATINEGARA,KEL. KAMPUNG MELAYU,5,30,738,2312,1137,10,250
24/04/2019,Jakarta Timur,KEC. JATINEGARA,KEL. BIDARA CINA,9,34,1127,3496,390,20,220
24/04/2019,Jakarta Timur,KEC. KRAMAT JATI,KEL. CAWANG,7,20,459,1384,1084,10,150
24/04/2019,Jakarta Timur,KEC. KRAMAT JATI,KEL. BALEKAMBANG,4,8,0,0,0,30,70
24/04/2019,Jakarta Timur,KEC. KRAMAT JATI,KEL. CILILITAN,5,16,0,0,60,20,170
27/04/2019,Jakarta Timur,KEC. MATRAMAN,KEL. KEBON MANGGIS,1,3,0,0,0,10,20
28/04/2019,Jakarta Timur,KEC. CIRACAS,KEL. CIBUBUR,3,10,0,0,0,10,20
28/04/2019,Jakarta Timur,KEC. CIRACAS,KEL. KELAPA DUA WETAN,1,2,0,0,0,10,30
30/04/2019,Jakarta Timur,KEC. CIRACAS,KEL. RAMBUTAN,3,7,0,0,150,20,40
26/03/2019,Jakarta Pusat,KEC. SENEN,KEL. KRAMAT,1,1,0,0,0,20,20
5/3/2019,Jakarta Utara,KEC. CILINCING,KEL. SEMPER TIMUR,2,6,0,0,0,10,10
5/3/2019,Jakarta Utara,KEC. CILINCING,KEL. KALIBARU,3,3,0,0,0,30,30
5/3/2019,Jakarta Utara,KEC. CILINCING,KEL. CILINCING,2,4,0,0,0,30,30
5/3/2019,Jakarta Utara,KEC. CILINCING,KEL. ROROTAN,1,1,0,0,0,50,50
5/3/2019,Jakarta Utara,KEC. KELAPA GADING,KEL. PEGANGSAAN DUA,1,1,0,0,0,30,30
5/3/2019,Jakarta Utara,KEC. KOJA,KEL. RAWA BADAK SELATAN,3,4,0,0,0,10,10
5/3/2019,Jakarta Utara,KEC. PADEMANGAN,KEL. ANCOL,3,3,0,0,0,25,25
5/3/2019,Jakarta Utara,KEC. PENJARINGAN,KEL. PLUIT,3,7,0,0,0,40,40
5/3/2019,Jakarta Utara,KEC. PENJARINGAN,KEL. PEJAGALAN,2,2,0,0,0,15,15
5/3/2019,Jakarta Utara,KEC. PENJARINGAN,KEL. PENJARINGAN,1,2,0,0,0,30,30
5/3/2019,Jakarta Utara,KEC. PENJARINGAN,KEL. KAMAL MUARA,1,1,0,0,0,50,50
5/3/2019,Jakarta Utara,KEC. TANJUNG PRIOK,KEL. WARAKAS,1,4,0,0,0,50,50
5/3/2019,Jakarta Utara,KEC. TANJUNG PRIOK,KEL. KEBON BAWANG,1,1,0,0,0,10,10
5/3/2019,Jakarta Utara,KEC. TANJUNG PRIOK,KEL. SUNGAI BAMBU,1,1,0,0,0,15,15
5/3/2019,Jakarta Utara,KEC. TANJUNG PRIOK,KEL. TANJUNG PRIOK,7,7,0,0,0,20,20
5/3/2019,Jakarta Barat,KEC. KEBON JERUK,KEL. KEDOYA UTARA,4,8,0,0,0,15,15
5/3/2019,Jakarta Barat,KEC. KEBON JERUK,KEL. KEDOYA SELATAN,1,1,0,0,0,25,25
5/3/2019,Jakarta Barat,KEC. KEBON JERUK,KEL. DURI KEPA,7,8,0,0,0,20,20
5/3/2019,Jakarta Barat,KEC. CENGKARENG,KEL. KEDAUNG KALI ANGKE,8,24,29,85,85,40,40
5/3/2019,Jakarta Barat,KEC. CENGKARENG,KEL. RAWA BUAYA,4,19,0,0,0,20,20
5/3/2019,Jakarta Barat,KEC. CENGKARENG,KEL. CENGKARENG TIMUR,7,44,0,0,0,10,10
5/3/2019,Jakarta Barat,KEC. CENGKARENG,KEL. CENGKARENG BARAT,5,13,0,0,0,50,50
5/3/2019,Jakarta Barat,KEC. CENGKARENG,KEL. KAPUK,12,24,0,0,0,15,15
5/3/2019,Jakarta Barat,KEC. GROGOL PETAMBURAN,KEL. JELAMBAR BARU,8,8,0,0,0,20,20
5/3/2019,Jakarta Barat,KEC. GROGOL PETAMBURAN,KEL. JELAMBAR,3,3,0,0,0,30,30
5/3/2019,Jakarta Barat,KEC. KALIDERES,KEL. TEGAL ALUR,3,10,0,0,0,15,15
5/3/2019,Jakarta Barat,KEC. KEMBANGAN,KEL. JOGLO,1,1,0,0,0,15,15
5/3/2019,Jakarta Barat,KEC. KEMBANGAN,KEL. KEMBANGAN UTARA,2,6,0,0,0,30,30
5/3/2019,Jakarta Barat,KEC. KEMBANGAN,KEL. KEMBANGAN SELATAN,1,1,0,0,0,20,20
5/3/2019,Jakarta Barat,KEC. TAMBORA,KEL. JEMBATAN LIMA,1,2,0,0,0,40,40
2/3/2019,Jakarta Selatan,KEC. PANCORAN,KEL. RAWAJATI,1,1,0,0,0,10,30
31/03/2019,Jakarta Selatan,KEC. PASAR MINGGU,KEL. CILANDAK TIMUR,1,1,0,0,0,80,80
31/03/2019,Jakarta Selatan,KEC. PASAR MINGGU,KEL. JATI PADANG,1,2,0,0,0,10,60
31/03/2019,Jakarta Selatan,KEC. KEBAYORAN BARU,KEL. PETOGOGAN,1,4,0,0,0,60,60
31/03/2019,Jakarta Selatan,KEC. CILANDAK,KEL. PONDOK LABU,1,1,0,0,0,10,30
2/3/2019,Jakarta Timur,KEC. JATINEGARA,KEL. KAMPUNG MELAYU,4,24,286,925,0,10,100
1/1/2020,Jakarta Barat,KALIDERES,TEGAL ALUR,5,5,302,1208,1208,31,150
1/1/2020,Jakarta Barat,KEBON JERUK,DURI KEPA,7,7,60,130,130,31,70
1/1/2020,Jakarta Barat,KEBON JERUK,KEDOYA SELATAN,3,3,9,36,36,10,150
1/1/2020,Jakarta Barat,KEBON JERUK,KEDOYA UTARA,3,3,309,1238,1238,31,100
1/1/2020,Jakarta Barat,KEBON JERUK,SUKABUMI UTARA,7,7,0,0,0,10,140
18/01/2020,Jakarta Barat,KEBON JERUK,SUKABUMI SELATAN,4,7,0,0,0,30,100
18/01/2020,Jakarta Barat,KEBON JERUK,KELAPA DUA,1,1,0,0,0,60,60
1/1/2020,Jakarta Barat,KEMBANGAN,JOGLO,2,2,0,0,0,31,150
1/1/2020,Jakarta Barat,KEMBANGAN,KEMBANGAN SELATAN,8,8,177,710,710,31,120
1/1/2020,Jakarta Barat,KEMBANGAN,KEMBANGAN UTARA,9,9,240,961,961,30,90
1/1/2020,Jakarta Barat,KEMBANGAN,MERUYA SELATAN,1,1,0,0,0,80,80
1/1/2020,Jakarta Barat,KEMBANGAN,MERUYA UTARA,2,2,0,0,0,31,70
1/1/2020,Jakarta Barat,KEMBANGAN,SRENGSENG,2,2,4,15,15,71,150
1/1/2020,Jakarta Barat,PALMERAH,JATI PULO,5,5,0,0,0,10,30
1/1/2020,Jakarta Barat,PALMERAH,KEMANGGISAN,6,6,0,0,0,31,150
1/1/2020,Jakarta Barat,PALMERAH,KOTA BAMBU SELATAN,1,1,0,0,0,31,150
1/1/2020,Jakarta Barat,PALMERAH,KOTA BAMBU UTARA,5,5,0,0,0,10,70
1/1/2020,Jakarta Barat,PALMERAH,PALMERAH,4,4,0,0,0,31,70
1/1/2020,Jakarta Barat,PALMERAH,SLIPI,3,3,0,0,0,31,70
1/1/2020,Jakarta Selatan,CILANDAK,CILANDAK BARAT,2,2,75,300,300,71,180
1/1/2020,Jakarta Selatan,CILANDAK,CIPETE SELATAN,1,1,16,65,65,10,30
1/1/2020,Jakarta Selatan,CILANDAK,LEBAK BULUS,2,2,23,91,91,31,70
1/1/2020,Jakarta Selatan,CILANDAK,PONDOK LABU,6,6,33,134,134,31,70
1/1/2020,Jakarta Selatan,JAGAKARSA,JAGAKARSA,2,2,87,235,235,31,70
1/1/2020,Jakarta Selatan,JAGAKARSA,TANJUNG BARAT,3,3,0,0,0,31,70
1/1/2020,Jakarta Selatan,JAGAKARSA,CIGANJUR,3,5,37,150,150,30,100
1/1/2020,Jakarta Selatan,JAGAKARSA,SRENGSENG SAWAH,1,1,91,372,372,10,30
1/1/2020,Jakarta Selatan,JAGAKARSA,LENTENG AGUNG,4,4,122,507,507,10,30
1/1/2020,Jakarta Selatan,JAGAKARSA,CIPEDAK,1,1,43,175,175,10,30
1/1/2020,Jakarta Selatan,KEBAYORAN BARU,GUNUNG,2,2,10,40,40,71,150
1/1/2020,Jakarta Selatan,KEBAYORAN BARU,KRAMAT PELA,3,22,13,52,52,71,150
1/1/2020,Jakarta Selatan,KEBAYORAN BARU,PETOGOGAN,3,3,0,0,0,71,150
1/1/2020,Jakarta Selatan,KEBAYORAN BARU,PULO,2,2,4,16,16,30,150
1/1/2020,Jakarta Selatan,KEBAYORAN BARU,RAWA BARAT,1,1,24,99,99,71,150
1/1/2020,Jakarta Selatan,KEBAYORAN BARU,CIPETE UTARA,8,8,57,231,231,10,70
1/1/2020,Jakarta Selatan,KEBAYORAN LAMA,CIPULIR,6,6,170,675,675,30,150
1/1/2020,Jakarta Selatan,KEBAYORAN LAMA,GROGOL SELATAN,2,2,62,250,250,31,70
1/1/2020,Jakarta Selatan,KEBAYORAN LAMA,GROGOL UTARA,3,13,0,0,0,20,60
1/1/2020,Jakarta Selatan,KEBAYORAN LAMA,KEBAYORAN LAMA SELATAN,1,1,24,55,55,71,150
1/1/2020,Jakarta Selatan,KEBAYORAN LAMA,KEBAYORAN LAMA UTARA,1,1,175,700,700,31,70
1/1/2020,Jakarta Selatan,KEBAYORAN LAMA,PONDOK PINANG,2,2,240,962,962,31,150
1/1/2020,Jakarta Selatan,MAMPANG PRAPATAN,BANGKA,4,4,260,1041,1041,31,150
1/1/2020,Jakarta Selatan,MAMPANG PRAPATAN,KUNINGAN BARAT,5,5,50,816,816,71,150
1/1/2020,Jakarta Selatan,MAMPANG PRAPATAN,MAMPANG PRAPATAN,2,2,200,797,797,31,150
1/1/2020,Jakarta Selatan,MAMPANG PRAPATAN,PELA MAMPANG,4,4,274,1099,1099,10,150
1/1/2020,Jakarta Selatan,MAMPANG PRAPATAN,TEGAL PARANG,5,5,264,1058,1058,31,150
1/1/2020,Jakarta Selatan,PANCORAN,CIKOKO,1,1,36,147,147,71,150
1/1/2020,Jakarta Selatan,PANCORAN,KALIBATA,7,7,885,3615,3615,31,200
1/1/2020,Jakarta Selatan,PANCORAN,PANCORAN,2,2,83,335,335,10,30
1/1/2020,Jakarta Selatan,PANCORAN,PENGADEGAN,2,2,385,1540,1540,71,200
1/1/2020,Jakarta Selatan,PANCORAN,RAWAJATI,2,2,101,405,405,10,70
1/1/2020,Jakarta Selatan,PANCORAN,DUREN TIGA,3,3,86,345,345,10,30
1/1/2020,Jakarta Selatan,PASAR MINGGU,CILANDAK TIMUR,2,2,110,440,440,71,175
1/1/2020,Jakarta Selatan,PASAR MINGGU,JATI PADANG,10,38,198,781,781,31,70
1/1/2020,Jakarta Selatan,PASAR MINGGU,KEBAGUSAN,7,7,46,185,185,120,120
1/1/2020,Jakarta Selatan,PASAR MINGGU,PEJATEN TIMUR,4,4,0,0,0,31,200
24/01/2020,Jakarta Selatan,PASAR MINGGU,PEJATEN BARAT,1,1,0,0,0,60,80
1/1/2020,Jakarta Selatan,PESANGGRAHAN,BINTARO,3,3,149,596,150,71,150
1/1/2020,Jakarta Selatan,PESANGGRAHAN,PETUKANGAN UTARA,1,1,38,150,240,71,150
1/1/2020,Jakarta Selatan,PESANGGRAHAN,ULUJAMI,5,5,80,321,321,71,200
18/01/2020,Jakarta Selatan,PESANGGRAHAN,PETUKANGAN SELATAN,1,1,0,0,0,60,80
1/1/2020,Jakarta Selatan,SETIABUDI,GUNTUR,1,1,6,25,25,31,70
1/1/2020,Jakarta Selatan,SETIABUDI,KARET SEMANGGI,4,4,82,325,325,71,150
1/1/2020,Jakarta Selatan,SETIABUDI,KUNINGAN TIMUR,1,1,67,269,269,31,70
1/1/2020,Jakarta Selatan,TEBET,MANGGARAI,6,6,67,256,256,31,150
1/1/2020,Jakarta Selatan,TEBET,MANGGARAI SELATAN,1,1,0,0,0,71,150
1/1/2020,Jakarta Selatan,TEBET,BUKIT DURI,4,4,71,228,228,71,200
1/1/2020,Jakarta Selatan,TEBET,KEBON BARU,6,6,437,1750,1750,15,100
1/1/2020,Jakarta Timur,CAKUNG,CAKUNG BARAT,5,7,212,850,850,31,150
2/1/2020,Jakarta Timur,CAKUNG,CAKUNG TIMUR,12,12,160,658,658,10,70
1/1/2020,Jakarta Timur,CAKUNG,PENGGILINGAN,3,3,0,0,0,10,30
1/1/2020,Jakarta Timur,CAKUNG,RAWA TERATE,2,3,48,195,195,10,200
1/1/2020,Jakarta Timur,CAKUNG,UJUNG MENTENG,1,3,23,70,0,31,70
1/1/2020,Jakarta Timur,CAKUNG,JATINEGARA,10,10,38,150,150,10,30
1/1/2020,Jakarta Timur,CIPAYUNG,BAMBU APUS,4,9,12,48,48,31,150
1/1/2020,Jakarta Timur,CIPAYUNG,CEGER,3,3,20,80,80,31,70
1/1/2020,Jakarta Timur,CIPAYUNG,CIPAYUNG,4,7,64,190,0,31,150
1/1/2020,Jakarta Timur,CIPAYUNG,LUBANG BUAYA,2,5,0,0,0,71,150
1/1/2020,Jakarta Timur,CIPAYUNG,SETU,5,10,25,47,47,71,150
1/1/2020,Jakarta Timur,CIRACAS,CIBUBUR,3,3,5,20,0,10,70
1/1/2020,Jakarta Timur,CIRACAS,KELAPA DUA WETAN,6,10,105,335,0,10,150
1/1/2020,Jakarta Timur,CIRACAS,RAMBUTAN,4,4,15,65,65,31,200
1/1/2020,Jakarta Timur,CIRACAS,SUSUKAN,1,7,467,1868,60,20,70
1/1/2020,Jakarta Timur,DUREN SAWIT,KLENDER,10,32,118,470,470,10,150
1/1/2020,Jakarta Timur,DUREN SAWIT,MALAKA JAYA,1,1,55,220,0,71,150
1/1/2020,Jakarta Timur,DUREN SAWIT,PONDOK BAMBU,1,1,69,274,274,31,150
1/1/2020,Jakarta Timur,DUREN SAWIT,PONDOK KELAPA,5,16,116,465,465,71,170
1/1/2020,Jakarta Timur,DUREN SAWIT,PONDOK KOPI,2,3,90,220,0,10,30
1/1/2020,Jakarta Timur,JATINEGARA,BIDARA CINA,10,36,1124,3577,1579,31,200
1/1/2020,Jakarta Timur,JATINEGARA,CIPINANG BESAR SELATAN,2,10,50,279,308,71,150
1/1/2020,Jakarta Timur,JATINEGARA,CIPINANG MUARA,7,16,536,932,550,10,150
1/1/2020,Jakarta Timur,JATINEGARA,KAMPUNG MELAYU,8,30,802,2556,1778,10,350
1/1/2020,Jakarta Timur,JATINEGARA,RAWA BUNGA,3,29,1140,4560,0,31,70
1/1/2020,Jakarta Timur,KRAMAT JATI,BALE KAMBANG,3,7,57,177,212,31,150
1/1/2020,Jakarta Timur,KRAMAT JATI,BATU AMPAR,6,15,6,24,130,31,150
1/1/2020,Jakarta Timur,KRAMAT JATI,CAWANG,6,6,375,1500,2001,71,200
1/1/2020,Jakarta Timur,KRAMAT JATI,CILILITAN,5,5,15,58,58,71,200
1/1/2020,Jakarta Timur,KRAMAT JATI,DUKUH,6,26,325,1119,566,31,150
2/1/2020,Jakarta Timur,KRAMAT JATI,TENGAH,10,10,0,0,2015,10,150
1/1/2020,Jakarta Timur,KRAMAT JATI,KRAMAT JATI,5,5,87,346,1839,31,150
1/1/2020,Jakarta Timur,MAKASAR,CIPINANG MELAYU,10,14,745,2806,2738,10,220
1/1/2020,Jakarta Timur,MAKASAR,HALIM PERDANA KUSUMA,1,2,75,300,1943,71,150
1/1/2020,Jakarta Timur,MAKASAR,KEBON PALA,6,22,53,209,279,31,70
1/1/2020,Jakarta Timur,MAKASAR,MAKASAR,4,11,556,2220,1350,31,150
1/1/2020,Jakarta Timur,MAKASAR,PINANG RANTI,3,4,31,120,227,31,70
1/1/2020,Jakarta Timur,MATRAMAN,KEBON MANGGIS,2,9,309,949,537,71,150
1/1/2020,Jakarta Timur,MATRAMAN,PISANGAN BARU,2,2,300,1200,0,31,70
1/1/2020,Jakarta Timur,MATRAMAN,UTAN KAYU SELATAN,5,5,0,0,0,31,70
1/1/2020,Jakarta Timur,PASAR REBO,CIJANTUNG,3,3,103,207,0,31,70
1/1/2020,Jakarta Timur,PASAR REBO,PEKAYON,2,2,0,0,0,10,30
1/1/2020,Jakarta Timur,PASAR REBO,GEDONG,3,3,25,100,100,100,150
1/1/2020,Jakarta Timur,PULOGADUNG,CIPINANG,7,29,1099,2700,0,31,70
1/1/2020,Jakarta Timur,PULOGADUNG,JATI,1,2,21,84,0,31,70
1/1/2020,Jakarta Timur,PULOGADUNG,KAYU PUTIH,6,6,577,2310,2310,71,150
23/02/2020,Jakarta Pusat,JOHAR BARU,JOHAR BARU,2,2,0,0,0,30,50
23/02/2020,Jakarta Pusat,JOHAR BARU,KAMPUNG RAWA,1,2,0,0,0,20,20
23/02/2020,Jakarta Pusat,JOHAR BARU,TANAH TINGGI,1,1,0,0,0,30,30
2/2/2020,Jakarta Pusat,KEMAYORAN,GUNUNG SAHARI SELATAN,2,2,0,0,0,20,100
23/02/2020,Jakarta Pusat,KEMAYORAN,SERDANG,2,2,0,0,0,30,30
23/02/2020,Jakarta Pusat,KEMAYORAN,CEMPAKA BARU,2,7,0,0,0,20,50
23/02/2020,Jakarta Pusat,KEMAYORAN,KEMAYORAN,1,1,0,0,0,20,20
25/02/2020,Jakarta Pusat,KEMAYORAN,KEBON KOSONG,10,10,0,0,0,10,50
25/02/2020,Jakarta Pusat,KEMAYORAN,SUMUR BATU,1,1,0,0,0,10,50
8/2/2020,Jakarta Pusat,SAWAH BESAR,PASAR BARU,4,6,0,0,450,10,40
23/02/2020,Jakarta Pusat,SAWAH BESAR,KARANG ANYAR,1,1,0,0,0,20,20
25/02/2020,Jakarta Pusat,SAWAH BESAR,MANGGA DUA SELATAN,1,1,0,0,0,30,30
25/02/2020,Jakarta Pusat,SAWAH BESAR,GUNUNG SAHARI UTARA,2,2,0,0,0,30,30
8/2/2020,Jakarta Pusat,TANAH ABANG,BENDUNGAN HILIR,5,12,0,0,0,10,60
22/02/2020,Jakarta Pusat,TANAH ABANG,KARET TENGSIN,2,2,0,0,475,40,80
22/02/2020,Jakarta Pusat,TANAH ABANG,PETAMBURAN,2,10,0,0,1368,10,120
23/02/2020,Jakarta Pusat,TANAH ABANG,KEBON MELATI,2,2,0,0,0,35,50
20/02/2020,Jakarta Pusat,SENEN,KRAMAT,3,3,0,0,0,10,50
23/02/2020,Jakarta Pusat,SENEN,KENARI,1,1,0,0,0,20,20
20/02/2020,Jakarta Pusat,MENTENG,KEBON SIRIH,3,3,0,0,50,20,90
23/02/2020,Jakarta Pusat,MENTENG,MENTENG,3,3,0,0,0,10,60
23/02/2020,Jakarta Pusat,CEMPAKA PUTIH,RAWASARI,1,2,0,0,0,20,30
23/02/2020,Jakarta Pusat,CEMPAKA PUTIH,CEMPAKA PUTIH TIMUR,4,4,0,0,0,30,30
8/2/2020,Jakarta Pusat,CEMPAKA PUTIH,CEMPAKA PUTIH BARAT,3,3,0,0,0,20,30
25/02/2020,Jakarta Pusat,GAMBIR,KEBON KELAPA,1,1,0,0,0,20,20
8/2/2020,Jakarta Utara,TANJUNG PRIOK,SUNTER JAYA,3,3,0,0,0,10,30
8/2/2020,Jakarta Utara,TANJUNG PRIOK,WARAKAS,3,3,0,0,0,20,20
8/2/2020,Jakarta Utara,TANJUNG PRIOK,TANJUNG PRIOK,2,2,0,0,0,10,30
8/2/2020,Jakarta Utara,TANJUNG PRIOK,KEBON BAWANG,2,2,0,0,0,10,30
8/2/2020,Jakarta Utara,KELAPA GADING,KELAPA GADING BARAT,5,5,0,0,0,10,45
8/2/2020,Jakarta Utara,KELAPA GADING,KELAPA GADING TIMUR,13,13,65,271,271,30,40
23/02/2020,Jakarta Utara,KELAPA GADING,PEGANGSAAN DUA,9,9,44,182,182,20,70
8/2/2020,Jakarta Utara,KOJA,TUGU SELATAN,9,12,22,192,138,10,80
8/2/2020,Jakarta Utara,KOJA,TUGU UTARA,5,5,0,0,0,15,60
1/1/2020,Jakarta Pusat,JOHAR BARU,JOHAR BARU,4,4,35,140,140,10,30
1/1/2020,Jakarta Pusat,KEMAYORAN,GUNUNG SAHARI SELATAN,4,4,0,0,0,10,70
1/1/2020,Jakarta Pusat,KEMAYORAN,SERDANG,4,4,0,0,0,10,30
1/1/2020,Jakarta Pusat,SAWAH BESAR,PASAR BARU,7,7,155,625,625,10,70
1/1/2020,Jakarta Pusat,TANAH ABANG,BENDUNGAN HILIR,2,2,52,195,195,31,70
1/1/2020,Jakarta Pusat,TANAH ABANG,KARET TENGSIN,8,31,535,2078,2078,71,150
18/01/2020,Jakarta Pusat,TANAH ABANG,PETAMBURAN,2,2,0,0,0,40,60
1/1/2020,Jakarta Utara,CILINCING,CILINCING,3,21,280,1121,1121,10,35
1/1/2020,Jakarta Utara,CILINCING,MARUNDA,1,1,0,0,0,10,30
1/1/2020,Jakarta Utara,CILINCING,ROROTAN,5,5,36,150,338,10,150
1/1/2020,Jakarta Utara,CILINCING,SEMPER BARAT,5,5,143,574,574,10,70
1/1/2020,Jakarta Utara,CILINCING,SEMPER TIMUR,4,6,30,120,120,10,150
1/1/2020,Jakarta Utara,CILINCING,SUKA PURA,9,9,70,278,278,10,150
1/1/2020,Jakarta Utara,KELAPA GADING,KELAPA GADING BARAT,5,5,0,0,0,10,30
1/1/2020,Jakarta Utara,KELAPA GADING,KELAPA GADING TIMUR,2,2,25,100,100,10,30
1/1/2020,Jakarta Utara,KELAPA GADING,PEGANGSAAN DUA,7,7,52,210,210,10,70
1/1/2020,Jakarta Utara,KOJA,TUGU SELATAN,1,1,0,0,0,20,50
1/1/2020,Jakarta Utara,PENJARINGAN,KAPUK MUARA,6,6,0,0,0,20,40
1/1/2020,Jakarta Utara,PENJARINGAN,PEJAGALAN,7,7,292,1168,1168,10,150
1/1/2020,Jakarta Utara,PENJARINGAN,PENJARINGAN,1,1,0,0,0,10,30
24/01/2020,Jakarta Utara,PENJARINGAN,PLUIT,3,3,0,0,0,15,70
24/01/2020,Jakarta Utara,PADEMANGAN,ANCOL,4,4,0,0,0,10,30
1/1/2020,Jakarta Barat,CENGKARENG,CENGKARENG BARAT,9,9,550,2220,2220,31,70
1/1/2020,Jakarta Barat,CENGKARENG,CENGKARENG TIMUR,9,9,90,362,362,10,70
1/1/2020,Jakarta Barat,CENGKARENG,DURI KOSAMBI,15,15,307,1230,1230,71,150
1/1/2020,Jakarta Barat,CENGKARENG,KAPUK,13,13,1115,4461,4461,31,70
1/1/2020,Jakarta Barat,CENGKARENG,KEDAUNG KALI ANGKE,8,8,701,2804,2804,31,70
1/1/2020,Jakarta Barat,CENGKARENG,RAWA BUAYA,6,6,533,2133,2133,31,70
1/1/2020,Jakarta Barat,GROGOL PETAMBURAN,JELAMBAR BARU,13,13,15,60,60,31,70
1/1/2020,Jakarta Barat,GROGOL PETAMBURAN,TANJUNG DUREN UTARA,5,5,21,85,85,10,150
1/1/2020,Jakarta Barat,GROGOL PETAMBURAN,TOMANG,1,1,6,24,24,31,70
1/1/2020,Jakarta Barat,GROGOL PETAMBURAN,WIJAYA KUSUMA,8,8,52,208,208,31,70
1/1/2020,Jakarta Barat,KALIDERES,KALIDERES,12,12,37,147,147,31,70
1/1/2020,Jakarta Barat,KALIDERES,KAMAL,7,7,0,0,0,10,70
1/1/2020,Jakarta Barat,KALIDERES,PEGADUNGAN,5,5,0,0,0,10,70
1/1/2020,Jakarta Barat,KALIDERES,SEMANAN,5,5,528,2112,2112,31,200
8/2/2020,Jakarta Utara,KOJA,RAWA BADAK SELATAN,4,4,0,0,0,10,30
20/02/2020,Jakarta Utara,PENJARINGAN,KAPUK MUARA,1,3,0,0,0,5,70
8/2/2020,Jakarta Utara,PENJARINGAN,PEJAGALAN,5,46,50,250,150,5,60
23/02/2020,Jakarta Utara,PENJARINGAN,PENJARINGAN,1,1,0,0,80,20,60
1/2/2020,Jakarta Utara,PENJARINGAN,PLUIT,2,13,0,0,0,10,80
2/2/2020,Jakarta Utara,PADEMANGAN,ANCOL,2,2,0,0,0,15,20
8/2/2020,Jakarta Utara,PADEMANGAN,PADEMANGAN BARAT,1,1,0,0,0,10,30
8/2/2020,Jakarta Utara,PADEMANGAN,PADEMANGAN TIMUR,3,3,0,0,0,15,20
8/2/2020,Jakarta Utara,CILIINCING,ROROTAN,11,12,338,1150,1150,5,110
8/2/2020,Jakarta Utara,CILIINCING,SEMPER BARAT,6,6,172,648,648,10,40
8/2/2020,Jakarta Utara,CILIINCING,SEMPER TIMUR,3,3,50,200,200,10,35
8/2/2020,Jakarta Utara,CILIINCING,SUKAPURA,10,18,175,566,566,10,10
8/2/2020,Jakarta Utara,CILIINCING,CILINCING,3,14,0,0,0,10,40
9/2/2020,Jakarta Utara,CILIINCING,MARUNDA,4,6,230,417,417,5,60
8/2/2020,Jakarta Barat,CENGKARENG,CENGKARENG BARAT,4,6,0,0,0,10,50
1/2/2020,Jakarta Barat,CENGKARENG,CENGKARENG TIMUR,3,9,0,0,0,40,70
1/2/2020,Jakarta Barat,CENGKARENG,DURI KOSAMBI,4,7,0,0,115,10,40
1/2/2020,Jakarta Barat,CENGKARENG,KAPUK,10,33,0,0,400,10,30
1/2/2020,Jakarta Barat,CENGKARENG,KEDAUNG KALI ANGKE,7,18,0,0,115,10,50
1/2/2020,Jakarta Barat,CENGKARENG,RAWA BUAYA,9,24,0,0,50,10,50
2/2/2020,Jakarta Barat,GROGOL PETAMBURAN,JELAMBAR,3,5,0,0,0,5,20
25/02/2020,Jakarta Barat,GROGOL PETAMBURAN,TANJUNG DUREN UTARA,1,1,0,0,0,30,50
16/02/2020,Jakarta Barat,GROGOL PETAMBURAN,TANJUNG DUREN SELATAN,2,2,0,0,0,15,25
25/02/2020,Jakarta Barat,GROGOL PETAMBURAN,TOMANG,1,1,0,0,0,30,50
4/2/2020,Jakarta Barat,KALIDERES,KALIDERES,2,2,0,0,0,5,15
20/02/2020,Jakarta Barat,KALIDERES,KAMAL,2,3,0,0,0,5,15
4/2/2020,Jakarta Barat,KALIDERES,PEGADUNGAN,5,7,0,0,0,5,60
1/2/2020,Jakarta Barat,KALIDERES,SEMANAN,4,4,0,0,0,10,60
1/2/2020,Jakarta Barat,KALIDERES,TEGAL ALUR,10,29,0,0,55,15,35
25/02/2020,Jakarta Barat,KEBON JERUK,DURI KEPA,1,1,0,0,0,10,30
20/02/2020,Jakarta Barat,KEBON JERUK,KEDOYA SELATAN,3,6,0,0,0,15,50
2/2/2020,Jakarta Barat,KEBON JERUK,KEDOYA UTARA,1,5,0,0,0,20,50
16/02/2020,Jakarta Barat,KEBON JERUK,SUKABUMI SELATAN,2,3,0,0,0,10,80
25/02/2020,Jakarta Barat,KEBON JERUK,KEBON JERUK,1,1,0,0,0,10,30
1/2/2020,Jakarta Barat,KEMBANGAN,KEMBANGAN SELATAN,2,2,0,0,0,20,60
1/2/2020,Jakarta Barat,KEMBANGAN,KEMBANGAN UTARA,6,12,0,0,65,30,80
25/02/2020,Jakarta Barat,KEMBANGAN,SRENGSENG,2,3,0,0,0,15,20
23/02/2020,Jakarta Barat,PALMERAH,JATI PULO,2,5,0,0,0,10,40
25/02/2020,Jakarta Barat,PALMERAH,KEMANGGISAN,1,1,0,0,0,10,40
23/02/2020,Jakarta Barat,PALMERAH,KOTA BAMBU SELATAN,3,3,21,85,85,10,50
25/02/2020,Jakarta Barat,PALMERAH,KOTA BAMBU UTARA,1,1,0,0,0,10,40
25/02/2020,Jakarta Barat,TAMAN SARI,TANGKI,2,18,0,0,0,30,40
25/02/2020,Jakarta Barat,TAMAN SARI,MANGGA BESAR,1,1,0,0,0,30,40
25/02/2020,Jakarta Barat,TAMBORA,PEKOJAN,1,1,0,0,0,30,50
25/02/2020,Jakarta Selatan,CILANDAK,CILANDAK BARAT,1,1,0,0,0,50,80
22/02/2020,Jakarta Selatan,CILANDAK,CIPETE SELATAN,2,2,0,0,0,20,40
22/02/2020,Jakarta Selatan,CILANDAK,PONDOK LABU,1,1,0,0,0,20,20
8/2/2020,Jakarta Selatan,JAGAKARSA,TANJUNG BARAT,1,2,0,0,0,10,100
25/02/2020,Jakarta Selatan,JAGAKARSA,CIPEDAK,1,1,0,0,0,10,20
25/02/2020,Jakarta Selatan,KEBAYORAN BARU,KRAMAT PELA,2,2,0,0,0,10,20
2/2/2020,Jakarta Selatan,KEBAYORAN BARU,PETOGOGAN,4,4,0,0,0,10,35
25/02/2020,Jakarta Selatan,KEBAYORAN BARU,PULO,1,1,0,0,0,10,20
25/02/2020,Jakarta Selatan,KEBAYORAN BARU,CIPETE UTARA,2,2,0,0,0,10,20
25/02/2020,Jakarta Selatan,KEBAYORAN LAMA,CIPULIR,2,2,0,0,0,100,100
20/02/2020,Jakarta Selatan,KEBAYORAN LAMA,KEBAYORAN LAMA SELATAN,1,1,0,0,0,10,30
20/02/2020,Jakarta Selatan,KEBAYORAN LAMA,PONDOK PINANG,2,5,0,0,0,10,60
23/02/2020,Jakarta Selatan,MAMPANG PRAPATAN,BANGKA,2,2,0,0,0,10,30
25/02/2020,Jakarta Selatan,MAMPANG PRAPATAN,KUNINGAN BARAT,2,2,0,0,0,10,30
23/02/2020,Jakarta Selatan,MAMPANG PRAPATAN,MAMPANG PRAPATAN,1,3,0,0,0,120,120
22/02/2020,Jakarta Selatan,MAMPANG PRAPATAN,PELA MAMPANG,2,2,0,0,0,10,30
8/2/2020,Jakarta Selatan,PANCORAN,CIKOKO,2,2,0,0,0,10,25
8/2/2020,Jakarta Selatan,PANCORAN,PENGADEGAN,3,3,32,121,121,50,150
8/2/2020,Jakarta Selatan,PANCORAN,RAWAJATI,4,4,109,282,282,200,200
22/02/2020,Jakarta Selatan,PANCORAN,DUREN TIGA,1,1,0,0,0,10,50
25/02/2020,Jakarta Selatan,PASAR MINGGU,JATI PADANG,1,4,0,0,0,30,40
25/02/2020,Jakarta Selatan,PASAR MINGGU,KEBAGUSAN,2,3,0,0,0,5,40
8/2/2020,Jakarta Selatan,PASAR MINGGU,PEJATEN TIMUR,10,14,132,329,0,30,120
23/02/2020,Jakarta Selatan,PASAR MINGGU,RAGUNAN,2,2,0,0,0,25,50
25/02/2020,Jakarta Selatan,PASAR MINGGU,PASAR MINGGU,1,1,0,0,0,15,15
20/02/2020,Jakarta Selatan,PESANGGRAHAN,BINTARO,1,1,0,0,0,10,30
25/02/2020,Jakarta Selatan,PESANGGRAHAN,PETUKANGAN SELATAN,2,4,0,0,0,10,30
23/02/2020,Jakarta Selatan,SETIABUDI,GUNTUR,1,1,,0,0,40,40
22/02/2020,Jakarta Selatan,SETIABUDI,KARET SEMANGGI,1,1,0,0,0,10,80
23/02/2020,Jakarta Selatan,SETIABUDI,PASAR MANGGIS,1,1,0,0,0,40,40
23/02/2020,Jakarta Selatan,SETIABUDI,KARET,2,2,0,0,0,20,30
23/02/2020,Jakarta Selatan,SETIABUDI,MENTENG ATAS,1,1,0,0,0,20,20
8/2/2020,Jakarta Selatan,TEBET,MANGGARAI,6,9,4,15,15,10,80
23/02/2020,Jakarta Selatan,TEBET,MANGGARAI SELATAN,2,2,0,0,0,20,30
8/2/2020,Jakarta Selatan,TEBET,BUKIT DURI,4,4,0,0,0,10,100
8/2/2020,Jakarta Selatan,TEBET,KEBON BARU,8,8,105,420,420,10,60
23/02/2020,Jakarta Selatan,TEBET,MENTENG DALAM,4,6,0,0,0,10,130
8/2/2020,Jakarta Timur,CAKUNG,CAKUNG BARAT,5,11,24,98,98,10,100
22/02/2020,Jakarta Timur,CAKUNG,CAKUNG TIMUR,7,23,275,630,193,5,100
8/2/2020,Jakarta Timur,CAKUNG,PENGGILINGAN,3,5,0,0,0,10,50
1/2/2020,Jakarta Timur,CAKUNG,RAWA TERATE,3,13,641,2564,471,30,250
16/02/2020,Jakarta Timur,CAKUNG,JATINEGARA,5,6,0,0,0,10,60
16/02/2020,Jakarta Timur,CAKUNG,PULO GEBANG,6,7,0,0,0,10,90
8/2/2020,Jakarta Timur,CIPAYUNG,BAMBU APUS,3,5,0,0,0,20,50
16/02/2020,Jakarta Timur,CIPAYUNG,CIPAYUNG,2,2,0,0,0,10,35
8/2/2020,Jakarta Timur,CIPAYUNG,LUBANG BUAYA,4,10,0,0,80,10,60
28/02/2020,Jakarta Timur,CIPAYUNG,SETU,1,2,0,0,0,30,30
25/02/2020,Jakarta Timur,CIPAYUNG,CILANGKAP,3,7,0,0,0,15,40
15/02/2020,Jakarta Timur,CIRACAS,CIBUBUR,5,14,0,0,0,10,100
25/02/2020,Jakarta Timur,CIRACAS,KELAPA DUA WETAN,4,7,0,0,0,5,40
16/02/2020,Jakarta Timur,CIRACAS,RAMBUTAN,5,18,774,2286,10,10,60
23/02/2020,Jakarta Timur,CIRACAS,SUSUKAN,1,4,0,0,0,30,40
16/02/2020,Jakarta Timur,DUREN SAWIT,KLENDER,7,7,0,0,0,10,80
23/02/2020,Jakarta Timur,DUREN SAWIT,MALAKA JAYA,6,13,0,0,0,20,100
23/02/2020,Jakarta Timur,DUREN SAWIT,PONDOK BAMBU,4,7,50,130,0,20,70
8/2/2020,Jakarta Timur,DUREN SAWIT,PONDOK KELAPA,7,16,386,2132,320,10,100
8/2/2020,Jakarta Timur,DUREN SAWIT,PONDOK KOPI,6,32,0,0,0,10,60
8/2/2020,Jakarta Timur,DUREN SAWIT,DUREN SAWIT,8,9,0,0,0,10,50
25/02/2020,Jakarta Timur,DUREN SAWIT,MALAKA SARI,1,1,0,0,0,30,70
8/2/2020,Jakarta Timur,JATINEGARA,BIDARA CINA,13,23,1185,3904,479,10,100
25/02/2020,Jakarta Timur,JATINEGARA,CIPINANG BESAR UTARA,1,1,0,0,0,10,20
8/2/2020,Jakarta Timur,JATINEGARA,CIPINANG MUARA,3,4,191,708,213,10,80
6/2/2020,Jakarta Timur,JATINEGARA,KAMPUNG MELAYU,6,29,392,2185,858,10,150
8/2/2020,Jakarta Timur,JATINEGARA,RAWA BUNGA,5,6,0,0,0,10,70
23/02/2020,Jakarta Timur,JATINEGARA,CIPINANG CEMPEDAK,1,1,0,0,0,50,50
8/2/2020,Jakarta Timur,KRAMAT JATI,BALE KAMBANG,3,8,60,244,230,20,100
23/02/2020,Jakarta Timur,KRAMAT JATI,BATU AMPAR,5,5,0,0,0,10,60
8/2/2020,Jakarta Timur,KRAMAT JATI,CAWANG,11,30,0,0,58,10,150
13/08/2020,Jakarta Urata,CILINCING,CILINCING,1,1,0,0,0,10,10
1/3/2020,Jakarta Utara,CILINCING,ROROTAN,1,1,0,0,0,30,30
2/3/2020,Jakarta Utara,PENJARINGAN,KAPUK MUARA,1,1,0,0,0,10,10
1/3/2020,Jakarta Barat,KEMBANGAN,KEMBANGAN SELATAN,3,6,0,0,0,20,40
1/3/2020,Jakarta Barat,KEMBANGAN,KEMBANGAN UTARA,1,1,0,0,0,15,25
2/3/2020,Jakarta Barat,KEBON JERUK,KEDOYA SELATAN,2,4,0,0,0,10,30
22/03/2020,Jakarta Barat,CENGKARENG,RAWA BUAYA,5,13,0,0,0,10,50
22/03/2020,Jakarta Barat,CENGKARENG,CENGKARENG BARAT,5,12,0,0,0,5,30
22/03/2020,Jakarta Barat,KALIDERES,KALIDERES,1,1,0,0,0,15,15
22/03/2020,Jakarta Barat,KALIDERES,SEMANAN,4,11,0,0,0,5,30
22/03/2020,Jakarta Barat,PALMERAH,KOTA BAMBU UTARA,1,1,0,0,0,10,10
22/03/2020,Jakarta Barat,PALMERAH,PALMERAH,1,1,0,0,0,20,20
1/3/2020,Jakarta Selatan,PASAR MINGGU,PEJATEN TIMUR,5,10,170,517,0,10,160
16/03/2020,Jakarta Selatan,PASAR MINGGU,CILANDAK TIMUR,2,3,0,0,0,55,100
1/3/2020,Jakarta Selatan,PANCORAN,PENGADEGAN,1,1,0,0,0,90,90
1/3/2020,Jakarta Selatan,PANCORAN,RAWAJATI,1,3,0,0,0,10,40
20/03/2020,Jakarta Selatan,PANCORAN,DUREN TIGA,1,1,0,0,0,60,60
1/3/2020,Jakarta Selatan,TEBET,KEBON BARU,3,3,0,0,0,5,60
1/3/2020,Jakarta Selatan,TEBET,BUKIT DURI,1,1,0,0,0,80,80
2/3/2020,Jakarta Selatan,KEBAYORAN LAMA,CIPULIR,1,2,0,0,0,20,100
2/3/2020,Jakarta Selatan,KEBAYORAN LAMA,PONDOK PINANG,3,7,0,0,0,10,115
2/3/2020,Jakarta Selatan,PESANGGRAHAN,BINTARO,4,5,0,0,0,10,60
16/03/2020,Jakarta Selatan,CILANDAK,LEBAK BULUS,1,1,0,0,0,70,70
16/03/2020,Jakarta Selatan,CILANDAK,CIPETE SELATAN,1,1,0,0,0,15,15
16/03/2020,Jakarta Selatan,CILANDAK,PONDOK LABU,4,7,0,0,0,10,50
16/03/2020,Jakarta Selatan,MAMPANG PRAPATAN,BANGKA,3,4,0,0,0,20,40
16/03/2020,Jakarta Selatan,MAMPANG PRAPATAN,KUNINGAN BARAT,1,3,0,0,0,40,40
16/03/2020,Jakarta Selatan,JAGAKARSA,CIPEDAK,1,1,0,0,0,70,70
20/03/2020,Jakarta Selatan,SETIABUDI,MENTENG ATAS,5,5,0,0,0,10,60
1/3/2020,Jakarta Timur,JATINEGARA,CIPINANG MUARA,1,2,118,456,65,5,50
1/3/2020,Jakarta Timur,JATINEGARA,KAMPUNG MELAYU,4,25,326,1068,186,25,110
1/3/2020,Jakarta Timur,JATINEGARA,BIDARA CINA,5,12,1711,4838,26,20,140
1/3/2020,Jakarta Timur,KRAMAT JATI,CAWANG,6,15,0,0,0,10,115
1/3/2020,Jakarta Timur,KRAMAT JATI,CILILITAN,2,6,10,43,0,5,100
16/03/2020,Jakarta Timur,KRAMAT JATI,TENGAH,1,1,0,0,0,70,70
1/3/2020,Jakarta Timur,CIPAYUNG,LUBANG BUAYA,1,1,0,0,0,20,20
1/3/2020,Jakarta Timur,CIPAYUNG,PONDOK RANGGON,1,1,4,10,10,20,80
16/03/2020,Jakarta Timur,CIPAYUNG,CILANGKAP,4,5,0,0,0,10,40
1/3/2020,Jakarta Timur,CAKUNG,CAKUNG TIMUR,6,13,114,207,39,10,60
1/3/2020,Jakarta Timur,CIRACAS,CIBUBUR,1,2,40,100,16,20,100
2/3/2020,Jakarta Timur,CIRACAS,CIRACAS,1,1,0,0,0,30,40
8/2/2020,Jakarta Timur,KRAMAT JATI,CILILITAN,5,10,0,0,220,10,100
23/02/2020,Jakarta Timur,KRAMAT JATI,DUKUH,4,10,0,0,0,5,30
25/02/2020,Jakarta Timur,KRAMAT JATI,TENGAH,6,7,0,0,0,10,30
3/2/2020,Jakarta Timur,MAKASAR,CIPINANG MELAYU,10,18,3762,13450,2424,15,100
23/02/2020,Jakarta Timur,MAKASAR,HALIM PERDANA KUSUMA,4,9,0,0,133,20,50
8/2/2020,Jakarta Timur,MAKASAR,KEBON PALA,10,12,0,0,1256,50,120
23/02/2020,Jakarta Timur,MAKASAR,MAKASAR,4,17,178,745,553,30,150
23/02/2020,Jakarta Timur,MAKASAR,PINANG RANTI,2,6,0,0,0,20,100
8/2/2020,Jakarta Timur,MATRAMAN,KEBON MANGGIS,2,15,323,1157,400,20,60
23/02/2020,Jakarta Timur,MATRAMAN,PISANGAN BARU,7,7,0,0,0,10,60
23/02/2020,Jakarta Timur,MATRAMAN,UTAN KAYU SELATAN,2,5,0,0,0,10,60
23/02/2020,Jakarta Timur,MATRAMAN,UTAN KAYU UTARA,2,2,0,0,0,10,60
23/02/2020,Jakarta Timur,MATRAMAN,PAL MERIAM,2,4,0,0,0,10,60
16/02/2020,Jakarta Timur,PASAR REBO,PEKAYON,1,1,0,0,0,10,25
23/02/2020,Jakarta Timur,PULOGADUNG,CIPINANG,1,1,0,0,0,40,40
8/2/2020,Jakarta Timur,PULOGADUNG,JATI,2,2,0,0,0,10,60
8/2/2020,Jakarta Timur,PULOGADUNG,KAYU PUTIH,9,35,2761,8103,975,10,100
8/2/2020,Jakarta Timur,PULOGADUNG,PISANGAN TIMUR,4,4,0,0,0,50,100
8/2/2020,Jakarta Timur,PULOGADUNG,PULOGADUNG,8,8,0,0,0,10,100
23/02/2020,Jakarta Timur,PULOGADUNG,RAWAMANGUN,2,2,0,0,0,30,30
23/02/2020,Jakarta Timur,PULOGADUNG,JATINEGARA KAUM,1,2,0,0,0,40,40
1/3/2020,Jakarta Timur,PASAR REBO,PEKAYON,1,1,0,0,0,20,100
16/03/2020,Jakarta Timur,PASAR REBO,KALISARI,1,1,0,0,0,70,70
1/3/2020,Jakarta Timur,MAKASAR,CIPINANG MELAYU,2,11,364,1598,96,10,100
16/03/2020,Jakarta Timur,MAKASAR,PINANG RANTI,1,2,0,0,0,10,15
16/03/2020,Jakarta Timur,MAKASAR,MAKASAR,2,5,200,850,15,10,20
2/3/2020,Jakarta Timur,DUREN SAWIT,PONDOK BAMBU,1,2,0,0,0,20,30
15/04/2020,Jakarta Utara,PENJARINGAN,PLUIT,1,3,0,0,0,,
6/4/2020,Jakarta Barat,KEBON JERUK,SUKABUMI SELATAN,6,14,0,0,0,,
27/04/2020,Jakarta Barat,KEBON JERUK,KEDOYA SELATAN,2,8,0,0,0,,
6/4/2020,Jakarta Barat,CENGKARENG,CENGKARENG BARAT,1,1,0,0,0,15,15
6/4/2020,Jakarta Barat,CENGKARENG,RAWA BUAYA,3,6,0,0,0,20,20
6/4/2020,Jakarta Barat,KEMBANGAN,KEMBANGAN UTARA,4,5,20,65,65,,
6/4/2020,Jakarta Barat,KEMBANGAN,SRENGSENG,2,4,0,0,0,,
6/4/2020,Jakarta Barat,KEMBANGAN,KEMBANGAN SELATAN,2,2,0,0,0,50,50
5/4/2020,Jakarta Selatan,JAGAKARSA,CIPEDAK,2,2,0,0,0,50,50
10/4/2020,Jakarta Selatan,JAGAKARSA,JAGAKARSA,1,1,0,0,0,40,40
5/4/2020,Jakarta Selatan,PASAR MINGGU,CILANDAK TIMUR,2,3,0,0,0,,
13/04/2020,Jakarta Selatan,PASAR MINGGU,RAGUNAN,1,1,0,0,0,30,30
18/04/2020,Jakarta Selatan,PASAR MINGGU,PEJATEN TIMUR,2,2,0,0,0,,
27/04/2020,Jakarta Selatan,PASAR MINGGU,JATI PADANG,4,8,0,0,0,,
30/04/2020,Jakarta Selatan,PASAR MINGGU,PEJATEN BARAT,3,12,0,0,0,,
6/4/2020,Jakarta Selatan,KEBAYORAN LAMA,PONDOK PINANG,2,4,0,0,0,,
30/04/2020,Jakarta Selatan,KEBAYORAN LAMA,KEBAYORAN LAMA SELATAN,2,2,0,0,0,30,30
6/4/2020,Jakarta Selatan,TEBET,KEBON BARU,4,6,0,0,0,,
29/04/2020,Jakarta Selatan,TEBET,TEBET BARAT,1,1,0,0,0,40,40
6/4/2020,Jakarta Selatan,MAMPANG PRAPATAN,KUNINGAN BARAT,2,2,0,0,0,,
29/04/2020,Jakarta Selatan,MAMPANG PRAPATAN,BANGKA,4,6,0,0,0,,
29/04/2020,Jakarta Selatan,MAMPANG PRAPATAN,PELA MAMPANG,2,2,0,0,0,,
26/04/2020,Jakarta Selatan,CILANDAK,LEBAK BULUS,2,2,3,10,10,,
27/04/2020,Jakarta Selatan,CILANDAK,CIPETE SELATAN,1,1,0,0,0,50,50
27/04/2020,Jakarta Selatan,CILANDAK,GANDARIA SELATAN,1,2,0,0,0,,
29/04/2020,Jakarta Selatan,PANCORAN,DUREN TIGA,1,1,0,0,0,,
29/04/2020,Jakarta Selatan,PANCORAN,RAWAJATI,1,1,0,0,0,15,15
29/04/2020,Jakarta Selatan,PANCORAN,KALIBATA,2,2,0,0,0,,
29/04/2020,Jakarta Selatan,PESANGGRAHAN,BINTARO,4,7,0,0,0,,
30/04/2020,Jakarta Selatan,KEBAYORAN BARU,GANDARIA UTARA,1,2,0,0,0,30,30
30/04/2020,Jakarta Selatan,KEBAYORAN BARU,PETOGOGAN,1,1,0,0,0,50,50
1/4/2020,Jakarta Timur,JATINEGARA,KAMPUNG MELAYU,4,18,248,817,0,,
6/4/2020,Jakarta Timur,JATINEGARA,CIPINANG MUARA,1,2,0,0,0,,
18/04/2020,Jakarta Timur,JATINEGARA,BIDARA CINA,2,4,49,153,0,,
29/04/2020,Jakarta Timur,JATINEGARA,CIPINANG CEMPEDAK,1,1,0,0,0,15,15
5/4/2020,Jakarta Timur,PASAR REBO,PEKAYON,1,1,0,0,0,30,30
13/04/2020,Jakarta Timur,PASAR REBO,KALISARI,1,1,0,0,0,15,15
6/4/2020,Jakarta Timur,CAKUNG,RAWA TERATE,1,1,0,0,0,,
6/4/2020,Jakarta Timur,MAKASAR,CIPINANG MELAYU,2,11,172,476,0,,
30/04/2020,Jakarta Timur,MAKASAR,MAKASAR,6,26,545,1380,0,10,10
30/04/2020,Jakarta Timur,MAKASAR,PINANG RANTI,1,4,0,0,0,,
6/4/2020,Jakarta Timur,DUREN SAWIT,DUREN SAWIT,1,1,0,0,0,,
12/4/2020,Jakarta Timur,CIPAYUNG,LUBANG BUAYA,1,1,0,0,0,,
30/04/2020,Jakarta Timur,CIPAYUNG,BAMBU APUS,1,1,0,0,0,20,20
18/04/2020,Jakarta Timur,KRAMAT JATI,CAWANG,5,12,0,0,0,,
19/04/2020,Jakarta Timur,KRAMAT JATI,CILILITAN,2,2,22,65,0,,
29/04/2020,Jakarta Timur,KRAMAT JATI,BATU AMPAR,4,6,0,0,0,,
30/04/2020,Jakarta Timur,KRAMAT JATI,BALEKAMBANG,1,1,0,0,0,20,20
30/04/2020,Jakarta Timur,CIRACAS,CIRACAS,2,3,0,0,0,20,20
30/04/2020,Jakarta Timur,CIRACAS,RAMBUTAN,2,3,0,0,0,,
21/05/2020,Jakarta Barat,KEMBANGAN,KEMBANGAN SELATAN,1,1,0,0,0,20,30
8/5/2020,Jakarta Barat,KEMBANGAN,MERUYA UTARA,1,1,0,0,0,10,10
6/5/2020,Jakarta Selatan,JAGAKARSA,CIGANJUR,2,2,0,0,0,30,40
19/05/2020,Jakarta Selatan,KEBAYORAN LAMA,PONDOK PINANG,2,8,25,77,0,20,100
19/05/2020,Jakarta Selatan,PANCORAN,PENGADEGAN,1,1,0,0,0,10,100
18/05/2020,Jakarta Selatan,PANCORAN,RAWAJATI,1,2,0,0,0,20,60
6/5/2020,Jakarta Selatan,PASAR MINGGU,JATI PADANG,1,3,0,0,0,20,50
10/5/2020,Jakarta Selatan,PASAR MINGGU,PEJATEN TIMUR,6,7,141,456,0,50,50
18/05/2020,Jakarta Selatan,TEBET,KEBON BARU,1,1,0,0,0,15,15
19/05/2020,Jakarta Selatan,TEBET,MANGGARAI,1,2,0,0,0,50,50
29/05/2020,Jakarta Timur,CIPAYUNG,CILANGKAP,2,3,0,0,0,50,50
6/5/2020,Jakarta Timur,CIRACAS,CIBUBUR,2,7,0,0,0,50,50
6/5/2020,Jakarta Timur,CIRACAS,CIRACAS,2,3,0,0,0,50,50
10/5/2020,Jakarta Timur,CIRACAS,RAMBUTAN,2,3,0,0,0,30,50
19/05/2020,Jakarta Timur,JATINEGARA,BIDARA CINA,2,9,333,1370,24,30,180
18/05/2020,Jakarta Timur,JATINEGARA,KAMPUNG MELAYU,5,27,392,1214,61,10,180
18/05/2020,Jakarta Timur,KRAMAT JATI,BALEKAMBANG,1,3,0,0,128,40,100
10/5/2020,Jakarta Timur,KRAMAT JATI,BATU AMPAR,1,1,0,0,0,10,10
19/05/2020,Jakarta Timur,KRAMAT JATI,CAWANG,6,25,0,0,0,20,200
19/05/2020,Jakarta Timur,KRAMAT JATI,CILILITAN,3,6,0,0,0,20,200
10/5/2020,Jakarta Timur,KRAMAT JATI,TENGAH,1,1,0,0,0,20,20
19/05/2020,Jakarta Timur,MATRAMAN,KEBON MANGGIS,1,3,0,0,0,20,20
6/5/2020,Jakarta Timur,PASAR REBO,PEKAYON,2,1,0,0,0,10,100
3/6/2020,Jakarta Utara,PENJARINGAN,PLUIT,6,26,30,120,120,10,120
4/6/2020,Jakarta Utara,PENJARINGAN,PENJARINGAN,1,1,0,0,0,10,60
4/6/2020,Jakarta Utara,PENJARINGAN,PEJAGALAN,3,8,0,0,0,5,60
4/6/2020,Jakarta Utara,PENJARINGAN,KAPUK MUARA,1,3,0,0,0,5,10
3/6/2020,Jakarta Utara,CILINCING,MARUNDA,3,5,0,0,0,10,40
4/6/2020,Jakarta Utara,PADEMANGAN,ANCOL,1,1,50,200,200,30,50
3/6/2020,Jakarta Barat,CENGKARENG,KAPUK,6,11,0,0,0,5,30
3/6/2020,Jakarta Barat,KALIDERES,TEGAL ALUR,2,4,0,0,0,10,50
4/6/2020,Jakarta Barat,GROGOL PETAMBURAN,JELAMBAR BARU,1,1,0,0,0,5,10
4/6/2020,Jakarta Barat,KEBON JERUK,KEDOYA UTARA,1,1,0,0,0,40,40
3/6/2020,Kepulauan Seribu,KEPULAUAN SERIBU SELATAN,PULAU PARI,4,4,0,0,0,10,50
3/6/2020,Kepulauan Seribu,KEPULAUAN SERIBU SELATAN,PULAU UNTUNG JAWA,3,3,0,0,0,10,45
4/6/2020,Kepulauan Seribu,KEPULAUAN SERIBU SELATAN,PULAU TIDUNG,2,2,0,0,0,30,50
3/6/2020,Kepulauan Seribu,KEPULAUAN SERIBU UTARA,PULAU PANGGANG,5,18,0,0,0,10,40
3/6/2020,Kepulauan Seribu,KEPULAUAN SERIBU UTARA,PULAU KELAPA,4,4,0,0,0,10,45
3/6/2020,Kepulauan Seribu,KEPULAUAN SERIBU UTARA,PULAU HARAPAN,3,5,0,0,0,5,20
2/7/2020,Jakarta Barat,TAMAN SARI,PINANGSIA,1,1,0,0,0,20,20
14/07/2020,Jakarta Barat,KEMBANGAN,SRENGSENG,3,4,0,0,0,30,50
25/08/2020,Jakarta Urata,CILINCING,MARUNDA,1,9,0,0,0,10,30
13/08/2020,Jakarta Barat,KALIDERES,TEGAL ALUR,1,2,0,0,0,15,15
13/08/2020,Jakarta Barat,CENGKARENG,KAPUK,7,9,0,0,0,15,20
18/08/2020,Jakarta Barat,PALMERAH,KOTA BAMBU UTARA,2,2,0,0,0,10,30
13/08/2020,Jakarta Selatan,TEBET,KEBON BARU,1,9,0,0,0,20,30
13/08/2020,Jakarta Selatan,TEBET,BUKIT DURI,1,1,0,0,0,30,30
13/08/2020,Jakarta Selatan,PESANGGRAHAN,BINTARO,1,2,0,0,0,20,20
13/08/2020,Jakarta Selatan,MAMPANG PRAPATAN,BANGKA,2,3,0,0,0,20,80
13/08/2020,Jakarta Selatan,PASAR MINGGU,CILANDAK TIMUR,1,2,0,0,0,20,60
13/08/2020,Jakarta Pusat,SENEN,PASEBAN,1,1,0,0,0,20,20
18/08/2020,Jakarta Pusat,TANAH ABANG,PETAMBURAN,1,1,0,0,0,10,15
21/09/2020,Jakarta Pusat,TANAH ABANG,PETAMBURAN,1,1,0,0,0,20,20
22/09/2020,Jakarta Utara,PENJARINGAN,PLUIT,2,2,0,0,0,,
15/09/2020,Jakarta Barat,KALIDERES,KALIDERES,1,1,0,0,0,10,10
15/09/2020,Jakarta Barat,CENGKARENG,KAPUK,8,10,0,0,0,,
21/09/2020,Jakarta Barat,CENGKARENG,RAWA BUAYA,3,4,0,0,0,,
22/09/2020,Jakarta Barat,CENGKARENG,CENGKARENG BARAT,5,6,0,0,0,,
16/09/2020,Jakarta Barat,KEBON JERUK,KEDOYA SELATAN,1,1,0,0,0,35,35
21/09/2020,Jakarta Barat,KEBON JERUK,SUKABUMI UTARA,7,7,0,0,0,,
21/09/2020,Jakarta Barat,KEBON JERUK,DURI KEPA,4,6,0,0,0,,
22/09/2020,Jakarta Barat,KEBON JERUK,SUKABUMI SELATAN,2,3,0,0,0,,
21/09/2020,Jakarta Barat,PALMERAH,PALMERAH,1,1,0,0,0,30,30
21/09/2020,Jakarta Barat,KEMBANGAN,KEMBANGAN UTARA,1,1,5,15,15,60,60
21/09/2020,Jakarta Barat,KEMBANGAN,KEMBANGAN SELATAN,1,1,0,0,0,45,45
21/09/2020,Jakarta Barat,GROGOL PETAMBURAN,TANJUNG DUREN UTARA,1,1,0,0,0,20,20
22/09/2020,Jakarta Barat,GROGOL PETAMBURAN,JELAMBAR,1,5,0,0,0,25,25
22/09/2020,Jakarta Barat,TAMBORA,KRENDANG,1,2,0,0,0,30,30
15/09/2020,Jakarta Selatan,PASAR MINGGU,CILANDAK TIMUR,1,2,0,0,0,100,100
22/09/2020,Jakarta Selatan,PASAR MINGGU,PEJATEN TIMUR,3,4,0,0,0,30,30
15/09/2020,Jakarta Selatan,CILANDAK,PONDOK LABU,1,1,0,0,0,,
15/09/2020,Jakarta Selatan,KEBAYORAN BARU,PETOGOGAN,1,2,0,0,0,,
22/09/2020,Jakarta Selatan,PANCORAN,PENGADEGAN,1,1,6,23,23,40,40
22/09/2020,Jakarta Selatan,PANCORAN,RAWAJATI,2,5,19,66,66,,
22/09/2020,Jakarta Selatan,TEBET,KEBON BARU,1,1,0,0,0,30,30
22/09/2020,Jakarta Timur,KRAMAT JATI,CAWANG,5,13,37,110,0,,
22/09/2020,Jakarta Timur,KRAMAT JATI,CILILITAN,2,5,58,158,0,,
22/09/2020,Jakarta Timur,KRAMAT JATI,BALEKAMBANG,2,2,0,0,0,,
22/09/2020,Jakarta Timur,JATINEGARA,BIDARA CINA,2,6,41,121,0,,
22/09/2020,Jakarta Timur,JATINEGARA,KAMPUNG MELAYU,4,18,248,807,0,,
7/12/2019,Jakarta Barat,KEBON JERUK,KEDOYA UTARA,1,1,0,0,0,20,20
31/12/2019,Jakarta Barat,KEMBANGAN,SRENGSENG,1,1,0,0,0,25,25
31/12/2019,Jakarta Barat,KEMBANGAN,SRENGSENG,0,1,0,0,0,30,30
31/12/2019,Jakarta Barat,KEMBANGAN,SRENGSENG,0,1,0,0,0,30,30
6/12/2019,Jakarta Selatan,PASAR MINGGU,PEJATEN TIMUR,1,1,25,70,0,40,40
6/12/2019,Jakarta Selatan,PASAR MINGGU,PEJATEN TIMUR,1,1,20,80,0,10,10
6/12/2019,Jakarta Selatan,PASAR MINGGU,PEJATEN TIMUR,1,1,0,0,0,30,30
6/12/2019,Jakarta Selatan,PASAR MINGGU,PEJATEN TIMUR,1,1,30,90,0,30,30
6/12/2019,Jakarta Timur,PASAR REBO,GEDONG,1,1,0,0,0,15,15
6/12/2019,Jakarta Timur,JATINEGARA,KAMPUNG MELAYU,1,1,17,51,0,10,80
6/12/2019,Jakarta Timur,JATINEGARA,KAMPUNG MELAYU,0,1,19,66,0,10,80
6/12/2019,Jakarta Timur,JATINEGARA,KAMPUNG MELAYU,1,1,39,118,0,10,80
6/12/2019,Jakarta Timur,JATINEGARA,KAMPUNG MELAYU,0,1,25,80,0,10,80
7/12/2019,Jakarta Timur,JATINEGARA,KAMPUNG MELAYU,1,1,12,48,0,10,30
7/12/2019,Jakarta Timur,JATINEGARA,KAMPUNG MELAYU,0,1,7,23,0,10,40
7/12/2019,Jakarta Timur,JATINEGARA,KAMPUNG MELAYU,0,1,8,28,0,10,40
7/12/2019,Jakarta Timur,JATINEGARA,KAMPUNG MELAYU,0,1,9,31,0,10,40
7/12/2019,Jakarta Timur,JATINEGARA,KAMPUNG MELAYU,0,1,15,53,0,10,50
7/12/2019,Jakarta Timur,JATINEGARA,KAMPUNG MELAYU,0,1,7,21,0,10,30
7/12/2019,Jakarta Timur,JATINEGARA,KAMPUNG MELAYU,0,1,6,19,0,10,30
6/12/2019,Jakarta Timur,JATINEGARA,KAMPUNG MELAYU,1,1,12,36,0,10,50
7/12/2019,Jakarta Timur,JATINEGARA,KAMPUNG MELAYU,0,1,3,12,0,10,25
7/12/2019,Jakarta Timur,JATINEGARA,KAMPUNG MELAYU,0,1,7,22,0,10,40
6/12/2019,Jakarta Timur,JATINEGARA,KAMPUNG MELAYU,0,1,14,46,0,10,50
6/12/2019,Jakarta Timur,JATINEGARA,KAMPUNG MELAYU,0,1,16,54,0,10,50
6/12/2019,Jakarta Timur,JATINEGARA,KAMPUNG MELAYU,0,1,17,58,0,10,50
6/12/2019,Jakarta Timur,JATINEGARA,KAMPUNG MELAYU,0,1,15,51,0,10,50
6/12/2019,Jakarta Timur,JATINEGARA,BIDARA CINA,1,1,0,0,0,10,60
6/12/2019,Jakarta Timur,JATINEGARA,BIDARA CINA,0,1,0,0,0,10,60
6/12/2019,Jakarta Timur,JATINEGARA,BIDARA CINA,0,1,0,0,0,10,60
6/12/2019,Jakarta Timur,JATINEGARA,BIDARA CINA,1,1,0,0,0,10,60
6/12/2019,Jakarta Timur,JATINEGARA,BIDARA CINA,0,1,0,0,0,10,60
6/12/2019,Jakarta Timur,JATINEGARA,BIDARA CINA,0,1,0,0,0,10,60
6/12/2019,Jakarta Timur,JATINEGARA,BIDARA CINA,0,1,0,0,0,10,60
6/12/2019,Jakarta Timur,KRAMAT JATI,CILILITAN,1,1,2,10,0,20,20
6/12/2019,Jakarta Timur,KRAMAT JATI,CAWANG,1,1,0,0,0,60,60
6/12/2019,Jakarta Timur,KRAMAT JATI,CAWANG,0,1,0,0,0,60,60
6/12/2019,Jakarta Timur,KRAMAT JATI,CAWANG,0,1,0,0,0,60,60
6/12/2019,Jakarta Timur,KRAMAT JATI,CAWANG,1,1,0,0,0,15,15
6/12/2019,Jakarta Timur,KRAMAT JATI,CAWANG,0,1,0,0,0,15,15
15/12/2019,Kepulauan Seribu,KEPULAUAN SERIBU UTARA,PULAU HARAPAN,1,1,0,0,0,5,20
15/12/2019,Kepulauan Seribu,KEPULAUAN SERIBU UTARA,PULAU HARAPAN,0,1,0,0,0,5,10
15/12/2019,Kepulauan Seribu,KEPULAUAN SERIBU UTARA,PULAU HARAPAN,0,1,0,0,0,10,15
15/12/2019,Kepulauan Seribu,KEPULAUAN SERIBU UTARA,PULAU HARAPAN,0,1,0,0,0,5,20
15/12/2019,Kepulauan Seribu,KEPULAUAN SERIBU UTARA,PULAU HARAPAN,0,1,0,0,0,15,15
15/12/2019,Kepulauan Seribu,KEPULAUAN SERIBU UTARA,PULAU HARAPAN,1,1,0,0,0,5,5
15/12/2019,Kepulauan Seribu,KEPULAUAN SERIBU UTARA,PULAU HARAPAN,0,1,0,0,0,5,20
16/10/2019,Jakarta Pusat,CEMPAKA PUTIH,CEMPAKA PUTIH BARAT,1,1,0,0,0,15,15
16/10/2019,Jakarta Pusat,JOHAR BARU,JOHAR BARU,1,1,0,0,0,20,20
16/10/2019,Jakarta Utara,TANJUNG PRIOK,KEBON BAWANG,1,1,0,0,0,30,30
16/10/2019,Jakarta Utara,TANJUNG PRIOK,KEBON BAWANG,0,1,0,0,0,30,30
20/10/2019,Jakarta Utara,CILINCING,ROROTAN,1,1,0,0,0,15,15
26/10/2019,Jakarta Utara,KOJA,RAWA BADAK SELATAN,1,1,0,0,0,10,60
26/10/2019,Jakarta Utara,KOJA,RAWA BADAK SELATAN,1,1,0,0,0,10,80
26/10/2019,Jakarta Utara,KOJA,RAWA BADAK SELATAN,1,1,0,0,0,10,80
26/10/2019,Jakarta Utara,KOJA,RAWA BADAK SELATAN,1,1,0,0,0,10,80
26/10/2019,Jakarta Utara,KOJA,RAWA BADAK SELATAN,1,1,0,0,0,10,80
16/10/2019,Jakarta Barat,KEBON JERUK,KEDOYA SELATAN,1,1,0,0,0,20,20
16/10/2019,Jakarta Barat,KEBON JERUK,KEDOYA SELATAN,0,1,0,0,0,20,20
11/10/2019,Jakarta Barat,KEBON JERUK,KEDOYA SELATAN,0,1,0,0,0,15,15
16/10/2019,Jakarta Barat,KEBON JERUK,KEDOYA SELATAN,1,1,0,0,0,25,25
5/10/2019,Jakarta Barat,KEBON JERUK,KEDOYA SELATAN,1,1,0,0,0,10,30
5/10/2019,Jakarta Barat,KEBON JERUK,KEDOYA SELATAN,0,1,0,0,0,20,70
11/10/2019,Jakarta Barat,KEBON JERUK,KEDOYA SELATAN,0,1,0,0,0,60,60
5/10/2019,Jakarta Barat,KEBON JERUK,KEDOYA SELATAN,0,1,0,0,0,10,100
5/10/2019,Jakarta Barat,KEBON JERUK,KEDOYA SELATAN,0,1,0,0,0,10,60
11/10/2019,Jakarta Barat,KEBON JERUK,KEDOYA SELATAN,0,1,0,0,0,60,60
11/10/2019,Jakarta Barat,KEBON JERUK,KEDOYA SELATAN,0,1,0,0,0,100,100
11/10/2019,Jakarta Barat,KEBON JERUK,KEDOYA SELATAN,0,1,0,0,0,70,70
11/10/2019,Jakarta Barat,KEBON JERUK,KEDOYA SELATAN,1,1,0,0,0,10,10
11/10/2019,Jakarta Barat,KEBON JERUK,KEDOYA SELATAN,1,1,0,0,0,50,50
10/10/2019,Jakarta Barat,KEBON JERUK,KEDOYA UTARA,1,1,0,0,0,20,20
10/10/2019,Jakarta Barat,KEBON JERUK,KEDOYA UTARA,0,1,0,0,0,20,20
9/10/2019,Jakarta Barat,KEBON JERUK,KEDOYA UTARA,0,1,0,0,0,10,60
9/10/2019,Jakarta Barat,KEBON JERUK,KEDOYA UTARA,0,1,0,0,0,10,60
10/10/2019,Jakarta Barat,KEBON JERUK,SUKABUMI SELATAN,1,1,0,0,0,30,30
16/10/2019,Jakarta Barat,KEBON JERUK,SUKABUMI UTARA,1,1,0,0,0,20,20
16/10/2019,Jakarta Barat,KEBON JERUK,SUKABUMI UTARA,1,1,0,0,0,50,50
16/10/2019,Jakarta Barat,KEBON JERUK,SUKABUMI UTARA,0,1,0,0,0,40,100
16/10/2019,Jakarta Barat,KEBON JERUK,KEBON JERUK,1,1,0,0,0,30,30
16/10/2019,Jakarta Barat,KEBON JERUK,KEBON JERUK,1,1,0,0,0,30,30
16/10/2019,Jakarta Barat,KEBON JERUK,KEBON JERUK,1,1,0,0,0,50,50
16/10/2019,Jakarta Barat,KEBON JERUK,DURI KEPA,1,1,0,0,0,40,40
16/10/2019,Jakarta Barat,KEBON JERUK,DURI KEPA,1,1,0,0,0,30,30
16/10/2019,Jakarta Barat,KEBON JERUK,DURI KEPA,0,1,0,0,0,30,30
16/10/2019,Jakarta Barat,KEBON JERUK,DURI KEPA,0,1,0,0,0,30,30
16/10/2019,Jakarta Barat,KEBON JERUK,DURI KEPA,1,1,0,0,0,80,100
16/10/2019,Jakarta Barat,PALMERAH,PALMERAH,1,1,0,0,0,20,20
16/10/2019,Jakarta Barat,PALMERAH,PALMERAH,1,1,0,0,0,40,40
16/10/2019,Jakarta Barat,GROGOL PETAMBURAN,JELAMBAR,1,1,0,0,0,10,15
16/10/2019,Jakarta Barat,GROGOL PETAMBURAN,TANJUNG DUREN UTARA,1,1,0,0,0,10,10
16/10/2019,Jakarta Barat,GROGOL PETAMBURAN,TANJUNG DUREN UTARA,1,1,0,0,0,20,30
9/10/2019,Jakarta Barat,KEMBANGAN,KEMBANGAN UTARA,1,1,0,0,0,10,30
11/10/2019,Jakarta Barat,KEMBANGAN,KEMBANGAN SELATAN,1,1,0,0,0,50,50
11/10/2019,Jakarta Barat,KEMBANGAN,KEMBANGAN SELATAN,1,1,0,0,0,15,15
25/10/2019,Jakarta Barat,KEMBANGAN,KEMBANGAN SELATAN,0,1,0,0,0,15,15
11/10/2019,Jakarta Barat,KEMBANGAN,KEMBANGAN SELATAN,1,1,0,0,0,50,50
11/10/2019,Jakarta Barat,KEMBANGAN,KEMBANGAN SELATAN,1,1,0,0,0,90,90
11/10/2019,Jakarta Barat,KEMBANGAN,KEMBANGAN SELATAN,0,1,0,0,0,90,90
11/10/2019,Jakarta Barat,KEMBANGAN,KEMBANGAN SELATAN,0,1,0,0,0,90,90
16/10/2019,Jakarta Barat,KEMBANGAN,SRENGSENG,1,1,0,0,0,50,50
16/10/2019,Jakarta Barat,KEMBANGAN,SRENGSENG,1,1,0,0,0,20,20
16/10/2019,Jakarta Barat,KEMBANGAN,SRENGSENG,1,1,0,0,0,40,40
16/10/2019,Jakarta Barat,KEMBANGAN,SRENGSENG,1,1,0,0,0,50,50
11/10/2019,Jakarta Barat,KEMBANGAN,SRENGSENG,1,1,0,0,0,20,20
10/10/2019,Jakarta Barat,CENGKARENG,KEDAUNG KALI ANGKE,1,1,0,0,0,20,20
10/10/2019,Jakarta Barat,CENGKARENG,KEDAUNG KALI ANGKE,0,1,0,0,0,20,20
10/10/2019,Jakarta Barat,CENGKARENG,KEDAUNG KALI ANGKE,0,1,0,0,0,20,20
10/10/2019,Jakarta Barat,CENGKARENG,DURI KOSAMBI,1,1,0,0,0,30,30
10/10/2019,Jakarta Barat,CENGKARENG,DURI KOSAMBI,0,1,0,0,0,30,30
10/10/2019,Jakarta Barat,CENGKARENG,DURI KOSAMBI,0,1,0,0,0,25,25
10/10/2019,Jakarta Barat,CENGKARENG,DURI KOSAMBI,1,1,0,0,0,15,15
10/10/2019,Jakarta Barat,CENGKARENG,DURI KOSAMBI,0,1,0,0,0,25,25
10/10/2019,Jakarta Barat,CENGKARENG,RAWA BUAYA,1,1,0,0,0,20,20
10/10/2019,Jakarta Barat,CENGKARENG,RAWA BUAYA,0,1,0,0,0,20,20
10/10/2019,Jakarta Barat,CENGKARENG,RAWA BUAYA,0,1,0,0,0,20,20
10/10/2019,Jakarta Barat,CENGKARENG,RAWA BUAYA,1,1,0,0,0,25,25
10/10/2019,Jakarta Barat,CENGKARENG,RAWA BUAYA,1,1,0,0,0,20,20
10/10/2019,Jakarta Barat,CENGKARENG,RAWA BUAYA,0,1,0,0,0,10,10
10/10/2019,Jakarta Barat,CENGKARENG,RAWA BUAYA,1,1,0,0,0,15,15
10/10/2019,Jakarta Barat,KALIDERES,PEGADUNGAN,1,1,0,0,0,10,10
10/10/2019,Jakarta Barat,KALIDERES,PEGADUNGAN,0,1,0,0,0,10,10
10/10/2019,Jakarta Barat,KALIDERES,PEGADUNGAN,1,1,0,0,0,10,10
10/10/2019,Jakarta Barat,KALIDERES,PEGADUNGAN,0,1,0,0,0,10,10
10/10/2019,Jakarta Barat,KALIDERES,PEGADUNGAN,1,1,0,0,0,5,5
10/10/2019,Jakarta Barat,KALIDERES,PEGADUNGAN,0,1,0,0,0,5,5
4/10/2019,Jakarta Selatan,MAMPANG PRAPATAN,BANGKA,1,1,0,0,0,10,10
16/10/2019,Jakarta Selatan,MAMPANG PRAPATAN,BANGKA,0,1,0,0,0,20,20
27/10/2019,Jakarta Selatan,MAMPANG PRAPATAN,BANGKA,1,1,0,0,0,50,50
4/10/2019,Jakarta Selatan,MAMPANG PRAPATAN,BANGKA,0,1,0,0,0,25,25
4/10/2019,Jakarta Selatan,MAMPANG PRAPATAN,BANGKA,1,1,0,0,0,50,50
2/10/2019,Jakarta Selatan,MAMPANG PRAPATAN,BANGKA,0,1,0,0,0,10,35
4/10/2019,Jakarta Selatan,MAMPANG PRAPATAN,TEGAL PARANG,1,1,0,0,0,10,10
4/10/2019,Jakarta Selatan,MAMPANG PRAPATAN,TEGAL PARANG,0,1,0,0,0,10,10
5/10/2019,Jakarta Selatan,MAMPANG PRAPATAN,PELA MAMPANG,1,1,0,0,0,50,50
5/10/2019,Jakarta Selatan,MAMPANG PRAPATAN,PELA MAMPANG,1,1,0,0,0,30,30
5/10/2019,Jakarta Selatan,MAMPANG PRAPATAN,PELA MAMPANG,1,1,0,0,0,30,30
2/10/2019,Jakarta Selatan,PANCORAN,KALIBATA,1,1,0,0,0,30,30
25/10/2019,Jakarta Selatan,PANCORAN,RAWAJATI,1,1,0,0,0,10,10
25/10/2019,Jakarta Selatan,PANCORAN,RAWAJATI,0,1,0,0,0,10,10
25/10/2019,Jakarta Selatan,PANCORAN,RAWAJATI,1,1,0,0,0,10,10
25/10/2019,Jakarta Selatan,PANCORAN,RAWAJATI,0,1,0,0,0,10,10
25/10/2019,Jakarta Selatan,PANCORAN,RAWAJATI,0,1,0,0,0,10,10
25/10/2019,Jakarta Selatan,PANCORAN,PENGADEGAN,1,1,0,0,0,10,10
2/10/2019,Jakarta Selatan,PASAR MINGGU,PEJATEN BARAT,1,1,0,0,0,20,20
2/10/2019,Jakarta Selatan,PASAR MINGGU,RAGUNAN,1,1,0,0,0,20,20
4/10/2019,Jakarta Selatan,PASAR MINGGU,CILANDAK TIMUR,1,1,0,0,0,10,10
4/10/2019,Jakarta Selatan,PASAR MINGGU,CILANDAK TIMUR,1,1,0,0,0,20,20
4/10/2019,Jakarta Selatan,PASAR MINGGU,CILANDAK TIMUR,0,1,0,0,0,20,20
5/10/2019,Jakarta Selatan,PASAR MINGGU,PEJATEN TIMUR,1,1,0,0,0,10,10
5/10/2019,Jakarta Selatan,PASAR MINGGU,PEJATEN TIMUR,1,1,0,0,0,10,10
5/10/2019,Jakarta Selatan,PASAR MINGGU,PEJATEN TIMUR,0,1,0,0,0,10,10
25/10/2019,Jakarta Selatan,PASAR MINGGU,PEJATEN TIMUR,1,1,0,0,0,10,10
25/10/2019,Jakarta Selatan,PASAR MINGGU,PEJATEN TIMUR,1,1,0,0,0,10,10
5/10/2019,Jakarta Selatan,PASAR MINGGU,PEJATEN TIMUR,0,1,0,0,0,20,20
5/10/2019,Jakarta Selatan,PASAR MINGGU,PEJATEN TIMUR,0,1,0,0,0,20,20
10/10/2019,Jakarta Selatan,PASAR MINGGU,KEBAGUSAN,1,1,0,0,0,20,20
10/10/2019,Jakarta Selatan,PASAR MINGGU,JATI PADANG,1,1,0,0,0,20,20
10/10/2019,Jakarta Selatan,PASAR MINGGU,JATI PADANG,1,1,0,0,0,20,20
10/10/2019,Jakarta Selatan,PASAR MINGGU,JATI PADANG,0,1,0,0,0,10,10
10/10/2019,Jakarta Selatan,PASAR MINGGU,JATI PADANG,0,1,0,0,0,10,10
10/10/2019,Jakarta Selatan,PASAR MINGGU,JATI PADANG,0,1,0,0,0,20,20
10/10/2019,Jakarta Selatan,JAGAKARSA,CIGANJUR,1,1,300,1200,0,120,120
10/10/2019,Jakarta Selatan,JAGAKARSA,CIGANJUR,0,1,0,0,0,120,120
4/10/2019,Jakarta Selatan,JAGAKARSA,CIGANJUR,1,1,0,0,0,10,10
4/10/2019,Jakarta Selatan,JAGAKARSA,CIPEDAK,1,1,0,0,0,50,50
4/10/2019,Jakarta Selatan,JAGAKARSA,CIPEDAK,0,1,0,0,0,40,40
4/10/2019,Jakarta Selatan,JAGAKARSA,CIPEDAK,1,1,0,0,0,30,30
4/10/2019,Jakarta Selatan,JAGAKARSA,CIPEDAK,0,1,0,0,0,40,40
5/10/2019,Jakarta Selatan,KEBAYORAN BARU,PETOGOGAN,1,1,0,0,0,30,30
16/10/2019,Jakarta Selatan,KEBAYORAN BARU,PETOGOGAN,0,1,0,0,0,30,30
5/10/2019,Jakarta Selatan,KEBAYORAN BARU,PETOGOGAN,1,1,0,0,0,50,50
25/10/2019,Jakarta Selatan,TEBET,KEBON BARU,1,1,0,0,0,10,10
5/10/2019,Jakarta Selatan,TEBET,KEBON BARU,0,1,0,0,0,30,30
5/10/2019,Jakarta Selatan,TEBET,MANGGARAI,1,1,0,0,0,10,10
5/10/2019,Jakarta Selatan,TEBET,MANGGARAI,0,1,0,0,0,10,10
5/10/2019,Jakarta Selatan,TEBET,MANGGARAI,0,1,0,0,0,10,10
5/10/2019,Jakarta Selatan,TEBET,MANGGARAI,0,1,0,0,0,30,30
25/10/2019,Jakarta Selatan,TEBET,MANGGARAI,1,1,0,0,0,10,10
10/10/2019,Jakarta Selatan,PESANGGRAHAN,BINTARO,1,1,0,0,0,50,50
4/10/2019,Jakarta Selatan,PESANGGRAHAN,BINTARO,0,1,0,0,0,30,50
25/10/2019,Jakarta Selatan,PESANGGRAHAN,BINTARO,1,1,0,0,0,10,30
9/10/2019,Jakarta Selatan,PESANGGRAHAN,BINTARO,1,1,0,0,0,20,20
10/10/2019,Jakarta Selatan,PESANGGRAHAN,BINTARO,1,1,0,0,0,10,50
5/10/2019,Jakarta Selatan,PESANGGRAHAN,BINTARO,0,1,0,0,0,10,50
10/10/2019,Jakarta Selatan,PESANGGRAHAN,BINTARO,1,1,0,0,0,50,60
10/10/2019,Jakarta Selatan,PESANGGRAHAN,BINTARO,0,1,0,0,0,50,60
10/10/2019,Jakarta Selatan,PESANGGRAHAN,BINTARO,0,1,0,0,0,50,60
10/10/2019,Jakarta Selatan,PESANGGRAHAN,BINTARO,1,1,0,0,0,30,50
10/10/2019,Jakarta Selatan,PESANGGRAHAN,BINTARO,0,1,0,0,0,30,50
10/10/2019,Jakarta Selatan,PESANGGRAHAN,BINTARO,0,1,0,0,0,30,50
10/10/2019,Jakarta Selatan,PESANGGRAHAN,BINTARO,1,1,0,0,0,50,60
5/10/2019,Jakarta Selatan,PESANGGRAHAN,BINTARO,1,1,0,0,0,40,40
5/10/2019,Jakarta Selatan,PESANGGRAHAN,BINTARO,0,1,0,0,0,10,10
5/10/2019,Jakarta Selatan,PESANGGRAHAN,BINTARO,0,1,0,0,0,10,10
11/10/2019,Jakarta Selatan,PESANGGRAHAN,BINTARO,1,1,0,0,0,10,10
11/10/2019,Jakarta Selatan,PESANGGRAHAN,ULUJAMI,1,1,0,0,0,10,10
11/10/2019,Jakarta Selatan,PESANGGRAHAN,ULUJAMI,0,1,0,0,0,10,10
11/10/2019,Jakarta Selatan,PESANGGRAHAN,ULUJAMI,0,1,0,0,0,10,10
11/10/2019,Jakarta Selatan,PESANGGRAHAN,ULUJAMI,0,1,0,0,0,10,10
11/10/2019,Jakarta Selatan,PESANGGRAHAN,ULUJAMI,0,1,0,0,0,10,10
11/10/2019,Jakarta Selatan,PESANGGRAHAN,ULUJAMI,0,1,0,0,0,10,10
11/10/2019,Jakarta Selatan,PESANGGRAHAN,ULUJAMI,0,1,0,0,0,10,10
11/10/2019,Jakarta Selatan,PESANGGRAHAN,ULUJAMI,0,1,0,0,0,10,10
11/10/2019,Jakarta Selatan,PESANGGRAHAN,ULUJAMI,1,1,0,0,0,20,20
11/10/2019,Jakarta Selatan,PESANGGRAHAN,ULUJAMI,1,1,0,0,0,10,10
11/10/2019,Jakarta Selatan,PESANGGRAHAN,ULUJAMI,0,1,0,0,0,10,10
11/10/2019,Jakarta Selatan,PESANGGRAHAN,ULUJAMI,1,1,0,0,0,20,20
11/10/2019,Jakarta Selatan,PESANGGRAHAN,ULUJAMI,1,1,0,0,0,20,20
5/10/2019,Jakarta Selatan,KEBAYORAN LAMA,PONDOK PINANG,1,1,0,0,0,10,10
5/10/2019,Jakarta Selatan,KEBAYORAN LAMA,PONDOK PINANG,1,1,0,0,0,20,20
10/10/2019,Jakarta Selatan,KEBAYORAN LAMA,PONDOK PINANG,0,1,0,0,0,10,10
5/10/2019,Jakarta Selatan,KEBAYORAN LAMA,PONDOK PINANG,0,1,0,0,0,10,10
5/10/2019,Jakarta Selatan,KEBAYORAN LAMA,PONDOK PINANG,0,1,0,0,0,10,10
5/10/2019,Jakarta Selatan,KEBAYORAN LAMA,PONDOK PINANG,0,1,0,0,0,10,10
5/10/2019,Jakarta Selatan,KEBAYORAN LAMA,PONDOK PINANG,0,1,0,0,0,10,10
5/10/2019,Jakarta Selatan,KEBAYORAN LAMA,PONDOK PINANG,1,1,0,0,0,10,10
5/10/2019,Jakarta Selatan,KEBAYORAN LAMA,PONDOK PINANG,0,1,0,0,0,10,10
18/10/2019,Jakarta Selatan,KEBAYORAN LAMA,CIPULIR,1,1,0,0,0,50,50
18/10/2019,Jakarta Selatan,KEBAYORAN LAMA,CIPULIR,1,1,0,0,0,10,10
18/10/2019,Jakarta Selatan,KEBAYORAN LAMA,CIPULIR,0,1,0,0,0,10,10
18/10/2019,Jakarta Selatan,KEBAYORAN LAMA,CIPULIR,0,1,0,0,0,20,20
18/10/2019,Jakarta Selatan,KEBAYORAN LAMA,CIPULIR,1,1,0,0,0,40,40
18/10/2019,Jakarta Selatan,KEBAYORAN LAMA,CIPULIR,1,1,0,0,0,10,10
18/10/2019,Jakarta Selatan,KEBAYORAN LAMA,CIPULIR,0,1,0,0,0,40,40
5/10/2019,Jakarta Selatan,KEBAYORAN LAMA,CIPULIR,1,1,0,0,0,10,10
5/10/2019,Jakarta Selatan,KEBAYORAN LAMA,CIPULIR,0,1,45,225,0,10,10
16/10/2019,Jakarta Selatan,KEBAYORAN LAMA,GROGOL UTARA,1,1,0,0,0,20,20
16/10/2019,Jakarta Selatan,KEBAYORAN LAMA,0,1,1,0,0,0,40,40
10/10/2019,Jakarta Selatan,CILANDAK,PONDOK LABU,1,1,0,0,0,30,30
10/10/2019,Jakarta Selatan,CILANDAK,PONDOK LABU,1,1,0,0,0,80,100
10/10/2019,Jakarta Selatan,CILANDAK,LEBAK BULUS,1,1,0,0,0,20,20
10/10/2019,Jakarta Selatan,CILANDAK,LEBAK BULUS,1,1,0,0,0,20,20
10/10/2019,Jakarta Selatan,CILANDAK,LEBAK BULUS,1,1,0,0,0,20,20
25/10/2019,Jakarta Timur,JATINEGARA,BIDARA CINA,1,1,0,0,0,20,70
25/10/2019,Jakarta Timur,JATINEGARA,BIDARA CINA,0,1,0,0,0,20,70
25/10/2019,Jakarta Timur,JATINEGARA,BIDARA CINA,0,1,0,0,0,20,70
25/10/2019,Jakarta Timur,JATINEGARA,BIDARA CINA,0,1,0,0,0,20,70
25/10/2019,Jakarta Timur,JATINEGARA,BIDARA CINA,0,1,0,0,0,20,70
25/10/2019,Jakarta Timur,JATINEGARA,BIDARA CINA,0,1,0,0,0,20,70
25/10/2019,Jakarta Timur,JATINEGARA,BIDARA CINA,0,1,0,0,0,20,70
25/10/2019,Jakarta Timur,JATINEGARA,BIDARA CINA,0,1,0,0,0,20,70
25/10/2019,Jakarta Timur,JATINEGARA,BIDARA CINA,0,1,0,0,0,20,70
25/10/2019,Jakarta Timur,JATINEGARA,BIDARA CINA,0,1,0,0,0,20,70
5/10/2019,Jakarta Timur,JATINEGARA,BIDARA CINA,1,1,5,20,0,10,100
5/10/2019,Jakarta Timur,JATINEGARA,BIDARA CINA,0,1,8,28,0,10,100
5/10/2019,Jakarta Timur,JATINEGARA,BIDARA CINA,0,1,9,24,0,10,100
5/10/2019,Jakarta Timur,JATINEGARA,BIDARA CINA,0,1,9,31,0,10,100
5/10/2019,Jakarta Timur,JATINEGARA,BIDARA CINA,0,1,7,23,0,10,100
5/10/2019,Jakarta Timur,JATINEGARA,KAMPUNG MELAYU,1,1,17,51,0,10,10
5/10/2019,Jakarta Timur,JATINEGARA,KAMPUNG MELAYU,0,1,19,66,0,10,10
5/10/2019,Jakarta Timur,JATINEGARA,KAMPUNG MELAYU,1,1,5,16,0,10,10
5/10/2019,Jakarta Timur,JATINEGARA,KAMPUNG MELAYU,0,1,39,118,0,10,10
5/10/2019,Jakarta Timur,JATINEGARA,KAMPUNG MELAYU,0,1,25,80,0,10,10
5/10/2019,Jakarta Timur,JATINEGARA,KAMPUNG MELAYU,1,1,6,18,0,10,10
5/10/2019,Jakarta Timur,JATINEGARA,KAMPUNG MELAYU,1,1,12,48,0,10,10
5/10/2019,Jakarta Timur,JATINEGARA,KAMPUNG MELAYU,0,1,7,23,0,10,10
5/10/2019,Jakarta Timur,JATINEGARA,KAMPUNG MELAYU,0,1,8,28,0,10,10
5/10/2019,Jakarta Timur,JATINEGARA,KAMPUNG MELAYU,0,1,9,31,0,10,10
5/10/2019,Jakarta Timur,JATINEGARA,KAMPUNG MELAYU,0,1,15,53,0,10,10
5/10/2019,Jakarta Timur,JATINEGARA,KAMPUNG MELAYU,0,1,10,33,0,10,10
5/10/2019,Jakarta Timur,JATINEGARA,KAMPUNG MELAYU,0,1,9,28,0,10,10
5/10/2019,Jakarta Timur,JATINEGARA,KAMPUNG MELAYU,0,1,6,27,0,10,10
5/10/2019,Jakarta Timur,JATINEGARA,KAMPUNG MELAYU,0,1,9,27,0,10,10
5/10/2019,Jakarta Timur,JATINEGARA,KAMPUNG MELAYU,0,1,12,38,0,10,10
5/10/2019,Jakarta Timur,JATINEGARA,KAMPUNG MELAYU,0,1,8,21,0,10,10
5/10/2019,Jakarta Timur,JATINEGARA,KAMPUNG MELAYU,1,1,9,28,0,10,10
5/10/2019,Jakarta Timur,JATINEGARA,KAMPUNG MELAYU,0,1,5,15,0,10,10
5/10/2019,Jakarta Timur,JATINEGARA,KAMPUNG MELAYU,0,1,12,36,0,10,10
5/10/2019,Jakarta Timur,JATINEGARA,KAMPUNG MELAYU,0,1,6,21,0,10,10
5/10/2019,Jakarta Timur,JATINEGARA,KAMPUNG MELAYU,0,1,9,31,0,10,10
5/10/2019,Jakarta Timur,JATINEGARA,KAMPUNG MELAYU,0,1,7,22,0,10,10
5/10/2019,Jakarta Timur,JATINEGARA,KAMPUNG MELAYU,0,1,14,46,0,10,10
5/10/2019,Jakarta Timur,JATINEGARA,KAMPUNG MELAYU,0,1,16,54,0,10,10
5/10/2019,Jakarta Timur,JATINEGARA,KAMPUNG MELAYU,0,1,17,58,0,10,10
5/10/2019,Jakarta Timur,JATINEGARA,KAMPUNG MELAYU,0,1,15,51,0,10,10
26/10/2019,Jakarta Timur,JATINEGARA,CIPINANG MUARA,1,1,0,0,0,10,10
5/10/2019,Jakarta Timur,KRAMAT JATI,CAWANG,1,1,2,7,0,20,50
5/10/2019,Jakarta Timur,KRAMAT JATI,CAWANG,0,1,3,9,0,20,70
5/10/2019,Jakarta Timur,KRAMAT JATI,CAWANG,0,1,7,28,0,20,50
5/10/2019,Jakarta Timur,KRAMAT JATI,CAWANG,1,1,7,24,0,20,50
5/10/2019,Jakarta Timur,KRAMAT JATI,CAWANG,0,1,5,20,0,20,70
5/10/2019,Jakarta Timur,KRAMAT JATI,CAWANG,0,1,7,21,0,40,120
5/10/2019,Jakarta Timur,KRAMAT JATI,CAWANG,0,1,5,24,0,40,100
5/10/2019,Jakarta Timur,KRAMAT JATI,CAWANG,0,1,4,16,0,50,110
5/10/2019,Jakarta Timur,KRAMAT JATI,CAWANG,1,1,15,45,0,60,120
5/10/2019,Jakarta Timur,KRAMAT JATI,CAWANG,0,1,6,24,0,20,120
5/10/2019,Jakarta Timur,KRAMAT JATI,CAWANG,0,1,7,21,0,20,70
5/10/2019,Jakarta Timur,KRAMAT JATI,CAWANG,0,1,8,24,0,20,120
5/10/2019,Jakarta Timur,KRAMAT JATI,CAWANG,1,1,7,22,0,20,120
5/10/2019,Jakarta Timur,KRAMAT JATI,CAWANG,0,1,3,12,0,20,80
5/10/2019,Jakarta Timur,KRAMAT JATI,CAWANG,0,1,12,38,0,20,120
5/10/2019,Jakarta Timur,KRAMAT JATI,CAWANG,0,1,5,21,0,20,50
25/10/2019,Jakarta Timur,KRAMAT JATI,CAWANG,1,1,5,16,0,20,20
5/10/2019,Jakarta Timur,KRAMAT JATI,CAWANG,0,1,5,17,0,20,70
5/10/2019,Jakarta Timur,KRAMAT JATI,CAWANG,0,1,10,30,0,20,120
5/10/2019,Jakarta Timur,KRAMAT JATI,CAWANG,0,1,6,18,0,20,70
5/10/2019,Jakarta Timur,KRAMAT JATI,CAWANG,0,1,5,13,0,20,100
5/10/2019,Jakarta Timur,KRAMAT JATI,CAWANG,0,1,3,7,0,20,100
25/10/2019,Jakarta Timur,KRAMAT JATI,CAWANG,0,1,0,0,0,20,20
5/10/2019,Jakarta Timur,KRAMAT JATI,CAWANG,1,1,2,5,0,20,30
25/10/2019,Jakarta Timur,KRAMAT JATI,CAWANG,0,1,0,0,0,20,30
25/10/2019,Jakarta Timur,KRAMAT JATI,BALEKAMBANG,1,1,0,0,0,20,20
25/10/2019,Jakarta Timur,KRAMAT JATI,BALEKAMBANG,0,1,0,0,0,20,20
25/10/2019,Jakarta Timur,KRAMAT JATI,BALEKAMBANG,1,1,0,0,0,20,20
25/10/2019,Jakarta Timur,KRAMAT JATI,BALEKAMBANG,1,1,0,0,0,20,20
25/10/2019,Jakarta Timur,KRAMAT JATI,BALEKAMBANG,0,1,0,0,0,20,20
25/10/2019,Jakarta Timur,KRAMAT JATI,BALEKAMBANG,0,1,0,0,0,20,20
5/10/2019,Jakarta Timur,KRAMAT JATI,BALEKAMBANG,0,1,14,41,0,50,50
5/10/2019,Jakarta Timur,KRAMAT JATI,BALEKAMBANG,0,1,3,10,0,50,50
10/10/2019,Jakarta Timur,KRAMAT JATI,DUKUH,1,1,0,0,0,50,50
25/10/2019,Jakarta Timur,KRAMAT JATI,CILILITAN,1,1,31,70,0,10,10
25/10/2019,Jakarta Timur,KRAMAT JATI,CILILITAN,0,1,12,46,0,10,10
25/10/2019,Jakarta Timur,KRAMAT JATI,CILILITAN,0,1,24,59,0,10,10
25/10/2019,Jakarta Timur,KRAMAT JATI,CILILITAN,1,1,30,70,0,10,10
25/10/2019,Jakarta Timur,KRAMAT JATI,CILILITAN,1,1,16,40,0,10,10
10/10/2019,Jakarta Timur,PASAR REBO,KALISARI,1,1,0,0,0,10,10
10/10/2019,Jakarta Timur,PASAR REBO,KALISARI,1,1,0,0,0,10,10
10/10/2019,Jakarta Timur,PASAR REBO,KALISARI,1,1,0,0,0,40,40
10/10/2019,Jakarta Timur,PASAR REBO,CIJANTUNG,1,1,0,0,0,35,35
10/10/2019,Jakarta Timur,PASAR REBO,CIJANTUNG,0,1,0,0,0,40,40
26/10/2019,Jakarta Timur,PASAR REBO,PEKAYON,1,1,0,0,0,30,30
26/10/2019,Jakarta Timur,PASAR REBO,PEKAYON,0,1,0,0,0,30,30
26/10/2019,Jakarta Timur,PASAR REBO,PEKAYON,0,1,0,0,0,50,50
25/10/2019,Jakarta Timur,CIRACAS,SUSUKAN,1,1,0,0,0,15,15
25/10/2019,Jakarta Timur,CIRACAS,SUSUKAN,0,1,0,0,0,15,15
25/10/2019,Jakarta Timur,CIRACAS,SUSUKAN,0,1,0,0,0,15,15
25/10/2019,Jakarta Timur,CIRACAS,SUSUKAN,0,1,0,0,0,15,15
10/10/2019,Jakarta Timur,CIRACAS,SUSUKAN,1,1,0,0,0,40,40
10/10/2019,Jakarta Timur,CIRACAS,SUSUKAN,1,1,0,0,0,20,20
10/10/2019,Jakarta Timur,CIRACAS,CIRACAS,1,1,0,0,0,70,70
10/10/2019,Jakarta Timur,CIRACAS,CIRACAS,0,1,0,0,0,70,70
10/10/2019,Jakarta Timur,CIRACAS,CIRACAS,0,1,0,0,0,70,70
10/10/2019,Jakarta Timur,CIRACAS,CIRACAS,0,1,0,0,0,70,70
10/10/2019,Jakarta Timur,CIRACAS,CIRACAS,0,1,0,0,0,70,70
10/10/2019,Jakarta Timur,CIRACAS,CIRACAS,1,1,0,0,0,20,20
10/10/2019,Jakarta Timur,CIRACAS,CIRACAS,0,1,0,0,0,20,20
10/10/2019,Jakarta Timur,CIRACAS,CIRACAS,1,1,0,0,0,70,70
10/10/2019,Jakarta Timur,CIRACAS,CIRACAS,0,1,0,0,0,70,70
10/10/2019,Jakarta Timur,CIRACAS,RAMBUTAN,1,1,128,413,0,10,60
10/10/2019,Jakarta Timur,CIRACAS,RAMBUTAN,0,1,77,385,0,10,50
10/10/2019,Jakarta Timur,CIRACAS,RAMBUTAN,1,1,23,86,0,40,40
10/10/2019,Jakarta Timur,CIRACAS,RAMBUTAN,0,1,45,225,0,10,50
10/10/2019,Jakarta Timur,CIRACAS,RAMBUTAN,0,1,35,120,0,10,70
10/10/2019,Jakarta Timur,CIRACAS,RAMBUTAN,0,1,35,120,0,10,40
10/10/2019,Jakarta Timur,CIRACAS,RAMBUTAN,1,1,25,90,0,40,40
10/10/2019,Jakarta Timur,CIRACAS,RAMBUTAN,0,1,50,150,0,60,60
10/10/2019,Jakarta Timur,CIRACAS,RAMBUTAN,0,1,50,150,0,50,50
10/10/2019,Jakarta Timur,CIRACAS,RAMBUTAN,0,1,60,178,0,40,40
10/10/2019,Jakarta Timur,CIRACAS,RAMBUTAN,1,1,98,117,0,70,70
10/10/2019,Jakarta Timur,CIRACAS,RAMBUTAN,0,1,38,162,0,70,70
10/10/2019,Jakarta Timur,CIRACAS,RAMBUTAN,0,1,7,30,0,40,40
10/10/2019,Jakarta Timur,CIRACAS,RAMBUTAN,1,1,12,35,0,40,40
10/10/2019,Jakarta Timur,CIRACAS,RAMBUTAN,0,1,65,150,0,40,40
10/10/2019,Jakarta Timur,CIRACAS,RAMBUTAN,0,1,60,120,0,20,50
10/10/2019,Jakarta Timur,CIRACAS,RAMBUTAN,0,1,80,160,0,20,40
10/10/2019,Jakarta Timur,CIRACAS,RAMBUTAN,0,1,56,97,0,15,30
10/10/2019,Jakarta Timur,CIRACAS,RAMBUTAN,0,1,11,45,0,15,40
10/10/2019,Jakarta Timur,CIPAYUNG,BAMBU APUS,1,1,0,0,0,60,60
10/10/2019,Jakarta Timur,CIPAYUNG,BAMBU APUS,1,1,0,0,0,100,100
10/10/2019,Jakarta Timur,CIPAYUNG,CIPAYUNG,1,1,0,0,0,30,30
10/10/2019,Jakarta Timur,CIPAYUNG,SETU,1,1,0,0,0,30,30
10/10/2019,Jakarta Timur,CIPAYUNG,SETU,1,1,0,0,0,50,50
10/10/2019,Jakarta Timur,CIPAYUNG,SETU,0,1,0,0,0,50,50
19/10/2019,Jakarta Timur,CIPAYUNG,LUBANG BUAYA,1,1,0,0,0,40,40
10/10/2019,Jakarta Timur,MAKASAR,CIPINANG MELAYU,1,1,0,0,0,10,10
10/10/2019,Jakarta Timur,MAKASAR,CIPINANG MELAYU,0,1,0,0,0,10,10
10/10/2019,Jakarta Timur,MAKASAR,CIPINANG MELAYU,0,1,0,0,0,10,10
27/10/2019,Jakarta Timur,MAKASAR,CIPINANG MELAYU,1,1,0,0,0,10,30
27/10/2019,Jakarta Timur,MAKASAR,CIPINANG MELAYU,0,1,0,0,0,10,30
10/10/2019,Jakarta Timur,MAKASAR,CIPINANG MELAYU,0,1,0,0,0,10,10
11/10/2019,Jakarta Timur,MAKASAR,MAKASAR,1,1,0,0,0,30,30
11/10/2019,Jakarta Timur,MAKASAR,MAKASAR,0,1,0,0,0,30,30
11/10/2019,Jakarta Timur,MAKASAR,MAKASAR,0,1,0,0,0,30,30
11/10/2019,Jakarta Timur,MAKASAR,MAKASAR,1,1,0,0,0,30,30
11/10/2019,Jakarta Timur,MAKASAR,MAKASAR,0,1,0,0,0,30,30
11/10/2019,Jakarta Timur,MAKASAR,MAKASAR,0,1,0,0,0,30,30
11/10/2019,Jakarta Timur,MAKASAR,MAKASAR,1,1,0,0,0,20,20
11/10/2019,Jakarta Timur,MAKASAR,MAKASAR,0,1,0,0,0,30,30
11/10/2019,Jakarta Timur,MAKASAR,MAKASAR,0,1,0,0,0,20,20
11/10/2019,Jakarta Timur,MAKASAR,MAKASAR,0,1,0,0,0,30,30
11/10/2019,Jakarta Timur,MAKASAR,PINANG RANTI,1,1,0,0,0,30,30
11/10/2019,Jakarta Timur,MAKASAR,KEBON PALA,1,1,0,0,0,30,30
11/10/2019,Jakarta Timur,MAKASAR,KEBON PALA,0,1,0,0,0,10,10
11/10/2019,Jakarta Timur,MAKASAR,KEBON PALA,0,1,0,0,0,20,20
11/10/2019,Jakarta Timur,MAKASAR,KEBON PALA,0,1,0,0,0,30,30
11/10/2019,Jakarta Timur,MAKASAR,KEBON PALA,0,1,0,0,0,30,30
11/10/2019,Jakarta Timur,MAKASAR,KEBON PALA,0,1,0,0,0,40,40
11/10/2019,Jakarta Timur,MAKASAR,KEBON PALA,0,1,0,0,0,10,10
11/10/2019,Jakarta Timur,MAKASAR,KEBON PALA,0,1,0,0,0,40,40
11/10/2019,Jakarta Timur,MAKASAR,KEBON PALA,1,1,0,0,0,80,80
11/10/2019,Jakarta Timur,MAKASAR,KEBON PALA,1,1,0,0,0,80,80
19/10/2019,Jakarta Timur,MAKASAR,KEBON PALA,1,1,0,0,0,10,10
11/10/2019,Jakarta Timur,MAKASAR,KEBON PALA,0,1,0,0,0,30,30
11/10/2019,Jakarta Timur,MAKASAR,KEBON PALA,0,1,0,0,0,80,80
11/10/2019,Jakarta Timur,MAKASAR,KEBON PALA,1,1,0,0,0,30,30
11/10/2019,Jakarta Timur,MAKASAR,KEBON PALA,0,1,0,0,0,80,80
11/10/2019,Jakarta Timur,MAKASAR,KEBON PALA,0,1,0,0,0,30,30
11/10/2019,Jakarta Timur,MAKASAR,KEBON PALA,0,1,0,0,0,30,30
11/10/2019,Jakarta Timur,MAKASAR,KEBON PALA,0,1,0,0,0,30,30
11/10/2019,Jakarta Timur,MAKASAR,KEBON PALA,1,1,0,0,0,50,50
11/10/2019,Jakarta Timur,MAKASAR,KEBON PALA,0,1,0,0,0,50,50
16/10/2019,Jakarta Timur,PULO GADUNG,PULO GADUNG,1,1,0,0,0,30,30
20/10/2019,Jakarta Timur,CAKUNG,PENGGILINGAN,1,1,0,0,0,10,10
20/10/2019,Jakarta Timur,CAKUNG,PULO GEBANG,1,1,0,0,0,15,15
20/10/2019,Jakarta Timur,CAKUNG,JATINEGARA,1,1,0,0,0,15,15
20/10/2019,Jakarta Timur,CAKUNG,CAKUNG BARAT,1,1,0,0,0,20,20
20/10/2019,Jakarta Timur,DUREN SAWIT,DUREN SAWIT,1,1,0,0,0,15,15
